{"stats":{"minecraft:picked_up":{"minecraft:oak_log":1,"minecraft:stick":1,"minecraft:oak_sapling":1,"minecraft:dirt":9},"minecraft:custom":{"minecraft:jump":49,"minecraft:time_since_rest":7212,"minecraft:leave_game":1,"minecraft:damage_dealt":10,"minecraft:sprint_one_cm":6515,"minecraft:play_time":7212,"minecraft:damage_taken":110,"minecraft:time_since_death":7212,"minecraft:walk_one_cm":3045,"minecraft:total_world_time":7212,"minecraft:fall_one_cm":2824,"minecraft:fly_one_cm":6990},"minecraft:used":{"minecraft:dirt":7},"minecraft:mined":{"minecraft:oak_log":1,"minecraft:grass_block":9,"minecraft:oak_leaves":2}},"DataVersion":3465}