{"stats":{"minecraft:picked_up":{"biomesoplenty:redwood_log":15,"minecraft:crafting_table":4,"minecraft:allium":21,"gnumus:gnumus_claw":2,"minecraft:gold_block":1,"gravestone:obituary":1,"minecraft:shield":1,"minecraft:moss_carpet":1,"minecraft:raw_copper":4,"gnumus:packaged_goods":2,"minecraft:beef":13,"minecraft:rose_bush":1,"biomesoplenty:redwood_wood":110,"minecraft:furnace":2,"minecraft:stick":23,"minecraft:raw_iron":33,"born_in_chaos_v1:shattered_skull":1,"gnumus:juicy_meat":4,"minecraft:porkchop":10,"farmersdelight:tomato_seeds":6,"minecraft:cherry_log":36,"born_in_chaos_v1:pieceofdarkmetal":1,"gnumus:grilled_juicy_meat":3,"biomesoplenty:redwood_planks":3,"minecraft:arrow":10,"minecraft:rotten_flesh":8,"born_in_chaos_v1:wood_splitter_axe":1,"farmersdelight:onion":11,"gnumus:gnumus_chickpeas":3,"minecraft:gold_ingot":3,"biomesoplenty:redwood_sapling":12,"minecraft:mutton":1,"minecraft:white_wool":1,"minecraft:cobblestone":74,"born_in_chaos_v1:fused_bone":2,"minecraft:pink_petals":53,"born_in_chaos_v1:corpse_maggot":4,"gnumus:gnumus_doubloons":3,"minecraft:cooked_beef":3,"minecraft:cherry_planks":3,"minecraft:salmon":2,"gnumus:overripe_carrot":2,"minecraft:leather":3,"gnumus:gnumus_cutlass":1,"gnumus:gnumus_pouch":2,"minecraft:oak_log":22,"minecraft:lapis_lazuli":9,"farmersdelight:tomato":1,"minecraft:dirt":25,"minecraft:paper":2,"minecraft:bone":8,"minecraft:apple":1,"minecraft:wheat_seeds":2,"born_in_chaos_v1:ethereal_spirit":4,"minecraft:sand":1,"born_in_chaos_v1:dark_rod":1,"alexsmobs:animal_dictionary":1,"minecraft:spider_eye":2,"biomesoplenty:flowering_oak_sapling":1,"minecraft:slime_ball":1,"minecraft:cherry_sapling":19,"minecraft:oak_sapling":9,"born_in_chaos_v1:rotten_fish":1,"minecraft:coal":112},"minecraft:custom":{"minecraft:mob_kills":40,"minecraft:interact_with_crafting_table":16,"minecraft:open_barrel":11,"minecraft:damage_dealt_resisted":638,"minecraft:leave_game":7,"minecraft:time_since_death":0,"minecraft:sprint_one_cm":294992,"minecraft:walk_one_cm":178707,"minecraft:drop":31,"minecraft:play_time":107744,"minecraft:deaths":5,"minecraft:sneak_time":4986,"minecraft:walk_under_water_one_cm":2915,"minecraft:jump":2378,"minecraft:walk_on_water_one_cm":10311,"minecraft:total_world_time":107814,"minecraft:interact_with_furnace":37,"minecraft:sleep_in_bed":4,"minecraft:time_since_rest":194,"minecraft:damage_taken":3061,"minecraft:damage_dealt":6377,"minecraft:swim_one_cm":31970,"minecraft:fly_one_cm":492926,"minecraft:open_chest":17,"minecraft:crouch_one_cm":23671,"minecraft:fall_one_cm":102493},"minecraft:crafted":{"minecraft:cherry_planks":76,"minecraft:furnace":2,"minecraft:iron_boots":1,"minecraft:iron_axe":1,"minecraft:stone_pickaxe":1,"minecraft:cooked_beef":3,"minecraft:cooked_porkchop":8,"minecraft:crafting_table":2,"biomesoplenty:redwood_planks":152,"minecraft:iron_helmet":1,"minecraft:wooden_pickaxe":1,"minecraft:iron_sword":1,"minecraft:air":0,"minecraft:iron_chestplate":1,"minecraft:iron_ingot":32,"minecraft:iron_pickaxe":1,"minecraft:wooden_axe":1,"minecraft:gold_ingot":9,"minecraft:iron_leggings":1},"minecraft:mined":{"gravestone:gravestone":4,"biomesoplenty:bush":6,"minecraft:grass_block":15,"minecraft:spruce_fence":1,"biomesoplenty:flowering_oak_leaves":1,"minecraft:spawner":2,"farmersdelight:wild_onions":11,"gnumus:scion_weed":1,"minecraft:furnace":2,"minecraft:iron_ore":34,"minecraft:fire":13,"treechop:chopped_log":6,"minecraft:gold_block":1,"minecraft:packed_ice":2,"biomesoplenty:barley":3,"gnumus:fragile_gnumus_jug":4,"minecraft:stone":20,"biomesoplenty:redwood_planks":3,"minecraft:cherry_planks":3,"minecraft:powder_snow":7,"minecraft:crafting_table":4,"minecraft:rose_bush":1,"minecraft:tall_grass":1,"minecraft:cobblestone":26,"biomesoplenty:sprout":2,"farmersdelight:wild_tomatoes":6,"minecraft:pink_petals":2,"minecraft:grass":22,"biomesoplenty:clover":4,"minecraft:oak_log":1,"minecraft:coal_ore":80,"minecraft:sand":1,"minecraft:dirt":11,"biomesoplenty:redwood_sapling":1,"biomesoplenty:redwood_wood":1,"minecraft:oak_leaves":4},"minecraft:killed":{"born_in_chaos_v1:restless_spirit":1,"alexsmobs:raccoon":2,"minecraft:spider":1,"alexsmobs:tasmanian_devil":1,"born_in_chaos_v1:siamese_skeletonsright":1,"born_in_chaos_v1:scarlet_persecutor":4,"minecraft:skeleton":1,"gnumus:gnumus_hunter":1,"born_in_chaos_v1:skeleton_thrasher":1,"born_in_chaos_v1:corpse_fish":1,"minecraft:pig":6,"born_in_chaos_v1:swarmer":1,"minecraft:salmon":2,"gnumus:big_snout":1,"minecraft:sheep":1,"minecraft:pillager":1,"minecraft:zombie":1,"born_in_chaos_v1:corpse_fly":6,"born_in_chaos_v1:dark_vortex":1,"born_in_chaos_v1:siamese_skeletonsleft":1,"minecraft:cow":5},"minecraft:dropped":{"farmersdelight:tomato_seeds":2,"minecraft:golden_boots":1,"gnumus:gnumus_cutlass":1,"born_in_chaos_v1:wood_splitter_axe":1,"minecraft:wheat_seeds":1,"minecraft:golden_helmet":1,"minecraft:cooked_beef":2,"artifacts:night_vision_goggles":1,"minecraft:mutton":1,"minecraft:wooden_axe":1,"gravestone:obituary":5,"farmersdelight:onion":2,"gnumus:grilled_juicy_meat":1,"minecraft:gold_ingot":12,"alexsmobs:animal_dictionary":1,"minecraft:rotten_flesh":7,"minecraft:allium":1,"born_in_chaos_v1:corpse_maggot":2,"minecraft:golden_leggings":1,"gnumus:gnumus_chickpeas":3,"minecraft:spider_eye":2,"minecraft:arrow":4,"minecraft:wooden_pickaxe":1,"minecraft:stone_pickaxe":1},"minecraft:used":{"biomesoplenty:redwood_planks":155,"minecraft:iron_sword":156,"minecraft:rotten_flesh":1,"minecraft:iron_chestplate":1,"minecraft:dirt":24,"minecraft:allium":4,"born_in_chaos_v1:corpse_maggot":2,"minecraft:wooden_axe":13,"born_in_chaos_v1:smoked_flesh":13,"farmersdelight:tomato":1,"minecraft:iron_axe":57,"minecraft:iron_helmet":3,"minecraft:iron_boots":1,"minecraft:oak_sapling":9,"minecraft:furnace":4,"minecraft:cooked_beef":4,"gnumus:grilled_juicy_meat":2,"minecraft:iron_leggings":1,"minecraft:stone_pickaxe":70,"biomesoplenty:redwood_sapling":1,"gnumus:overripe_carrot":2,"minecraft:wooden_pickaxe":24,"minecraft:cherry_planks":26,"biomesoplenty:flowering_oak_sapling":1,"farmersdelight:onion":14,"minecraft:sand":1,"minecraft:crafting_table":5,"minecraft:iron_pickaxe":80,"minecraft:golden_helmet":3,"minecraft:cobblestone":26,"born_in_chaos_v1:rotten_fish":1,"minecraft:cooked_porkchop":8,"gnumus:juicy_meat":2},"minecraft:killed_by":{"alexsmobs:froststalker":2,"minecraft:skeleton":1,"minecraft:zombie":1}},"DataVersion":3465}