{"stats":{"minecraft:dropped":{"gnumus:gnumus_cutlass":1,"minecraft:wheat_seeds":1,"minecraft:cooked_porkchop":2,"minecraft:cobblestone":960,"minecraft:warped_roots":1,"minecraft:dirt":7,"minecraft:cherry_planks":15,"gravestone:obituary":5,"minecraft:pink_petals":27,"minecraft:bone":3,"minecraft:gravel":7,"minecraft:moss_carpet":1,"minecraft:cherry_sapling":28,"minecraft:rotten_flesh":2,"minecraft:flower_pot":1,"vanillaplustools:stone_hammer":1,"minecraft:spider_eye":1},"minecraft:killed_by":{"minecraft:skeleton":1,"born_in_chaos_v1:scarlet_persecutor":1},"minecraft:custom":{"minecraft:mob_kills":30,"minecraft:interact_with_crafting_table":29,"minecraft:open_barrel":18,"minecraft:damage_dealt_resisted":264,"minecraft:leave_game":5,"minecraft:time_since_death":52785,"minecraft:sprint_one_cm":134045,"minecraft:walk_one_cm":229717,"minecraft:damage_blocked_by_shield":180,"minecraft:drop":40,"minecraft:play_time":105070,"minecraft:deaths":3,"minecraft:sneak_time":693,"minecraft:walk_under_water_one_cm":3624,"minecraft:jump":1578,"minecraft:walk_on_water_one_cm":7493,"minecraft:total_world_time":105070,"minecraft:interact_with_furnace":73,"minecraft:sleep_in_bed":5,"minecraft:time_since_rest":11927,"minecraft:damage_taken":2102,"minecraft:damage_dealt":5284,"minecraft:swim_one_cm":18842,"minecraft:fly_one_cm":238518,"minecraft:open_chest":20,"minecraft:crouch_one_cm":2052,"minecraft:fall_one_cm":53277},"minecraft:killed":{"minecraft:cave_spider":1,"born_in_chaos_v1:restless_spirit":2,"born_in_chaos_v1:zombie_lumberjack":1,"born_in_chaos_v1:door_knight_not_despawn":1,"born_in_chaos_v1:maggot":1,"minecraft:skeleton":1,"gnumus:gnumus_hunter":3,"minecraft:pig":1,"minecraft:squid":1,"born_in_chaos_v1:decrepit_skeleton":1,"gnumus:gnumus_merchant":1,"alexsmobs:catfish":1,"minecraft:zombie":4,"alexsmobs:terrapin":3,"born_in_chaos_v1:corpse_fly":2,"minecraft:cow":5},"minecraft:used":{"minecraft:cherry_boat":1,"minecraft:rose_bush":4,"minecraft:stone_sword":93,"minecraft:chest":1,"minecraft:shield":5,"minecraft:iron_sword":53,"vanillaplustools:stone_hammer":128,"minecraft:torch":39,"minecraft:white_carpet":1,"minecraft:wooden_axe":13,"minecraft:iron_axe":31,"minecraft:oak_sapling":2,"minecraft:furnace":6,"minecraft:cooked_beef":10,"gnumus:grilled_juicy_meat":1,"alexsmobs:cooked_catfish":3,"minecraft:stone_pickaxe":43,"gnumus:overripe_carrot":1,"minecraft:wooden_pickaxe":6,"minecraft:cherry_planks":32,"biomesoplenty:flowering_oak_sapling":1,"minecraft:crafting_table":5,"minecraft:white_bed":2,"gnumus:gnumus_cutlass":14,"minecraft:apple":1,"minecraft:bread":3,"minecraft:iron_pickaxe":36,"minecraft:stone_axe":107,"minecraft:cobblestone":23,"vanillaplustools:iron_hammer":83,"alexsmobs:animal_dictionary":1},"minecraft:mined":{"gravestone:gravestone":3,"biomesoplenty:bush":21,"minecraft:grass_block":8,"minecraft:tall_seagrass":1,"gnumus:scion_weed":1,"minecraft:furnace":4,"minecraft:iron_ore":49,"minecraft:fire":9,"minecraft:moss_carpet":1,"treechop:chopped_log":13,"biomesoplenty:webbing":10,"minecraft:packed_ice":2,"gnumus:fragile_gnumus_jug":1,"biomesoplenty:spider_egg":1,"minecraft:stone":1571,"minecraft:white_wool":9,"minecraft:cherry_planks":11,"minecraft:powder_snow":7,"minecraft:crafting_table":4,"minecraft:torch":2,"minecraft:potted_warped_roots":1,"minecraft:chest":1,"minecraft:rose_bush":7,"minecraft:copper_ore":8,"minecraft:cobblestone":7,"biomesoplenty:sprout":4,"minecraft:wall_torch":1,"minecraft:seagrass":3,"minecraft:white_carpet":2,"minecraft:grass":84,"biomesoplenty:clover":11,"minecraft:oak_log":6,"minecraft:coal_ore":101,"minecraft:gravel":2,"minecraft:dirt":4,"minecraft:gray_carpet":3,"biomesoplenty:stringy_cobweb":1,"minecraft:cobweb":11,"biomesoplenty:redwood_wood":3,"minecraft:oak_leaves":12},"minecraft:picked_up":{"minecraft:crafting_table":4,"artifacts:night_vision_goggles":1,"minecraft:flower_pot":1,"gnumus:gnumus_claw":2,"gravestone:obituary":2,"minecraft:string":18,"minecraft:moss_carpet":1,"minecraft:raw_copper":28,"minecraft:white_carpet":1,"minecraft:beef":8,"minecraft:rose_bush":6,"biomesoplenty:redwood_wood":122,"minecraft:chest":1,"minecraft:furnace":4,"minecraft:golden_helmet":1,"minecraft:stick":70,"minecraft:raw_iron":52,"minecraft:torch":4,"minecraft:porkchop":3,"minecraft:cherry_log":25,"gnumus:grilled_juicy_meat":1,"minecraft:rotten_flesh":6,"minecraft:gold_ingot":12,"minecraft:cobblestone":1448,"minecraft:white_wool":9,"minecraft:birch_log":2,"born_in_chaos_v1:corpse_maggot":1,"minecraft:pink_petals":27,"minecraft:cooked_beef":5,"minecraft:cherry_planks":26,"gnumus:overripe_carrot":1,"minecraft:leather":5,"minecraft:golden_leggings":1,"gnumus:gnumus_cutlass":1,"gnumus:gnumus_pouch":2,"minecraft:flint":1,"minecraft:oak_log":87,"minecraft:golden_boots":1,"minecraft:dirt":12,"minecraft:bone":11,"minecraft:apple":9,"minecraft:wheat_seeds":7,"minecraft:iron_ingot":1,"minecraft:cooked_porkchop":2,"born_in_chaos_v1:ethereal_spirit":2,"minecraft:dripstone_block":3,"minecraft:gravel":7,"minecraft:ink_sac":3,"minecraft:spruce_log":1,"minecraft:spider_eye":1,"biomesoplenty:flowering_oak_sapling":18,"alexsmobs:raw_catfish":3,"gnumus:gnumus_clay":5,"minecraft:cherry_sapling":28,"minecraft:warped_roots":1,"minecraft:oak_sapling":36,"minecraft:coal":156},"minecraft:crafted":{"minecraft:cherry_planks":100,"minecraft:oak_planks":12,"gnumus:grilled_juicy_meat":2,"vanillaplustools:stone_hammer":1,"minecraft:furnace":2,"minecraft:cherry_boat":1,"vanillaplustools:iron_hammer":1,"sophisticatedbackpacks:copper_backpack":1,"minecraft:iron_axe":1,"minecraft:stone_pickaxe":10,"minecraft:chest":1,"alexsmobs:cooked_catfish":3,"sophisticatedbackpacks:iron_backpack":1,"minecraft:cooked_beef":8,"gnumus:gnumus_cutlass":1,"sophisticatedbackpacks:backpack":1,"minecraft:cooked_porkchop":2,"minecraft:crafting_table":1,"minecraft:wooden_pickaxe":1,"minecraft:iron_sword":1,"minecraft:copper_ingot":28,"minecraft:stone_axe":1,"minecraft:bread":3,"minecraft:air":0,"minecraft:gold_nugget":9,"minecraft:shield":1,"minecraft:stick":60,"minecraft:iron_pickaxe":10,"minecraft:iron_ingot":50,"minecraft:wooden_axe":1,"minecraft:stone_sword":1,"minecraft:white_bed":2,"minecraft:torch":36}},"DataVersion":3465}