{"stats":{"minecraft:mined":{"minecraft:grass":5,"minecraft:grass_block":11,"minecraft:spruce_log":5,"minecraft:spruce_planks":2},"minecraft:picked_up":{"minecraft:spruce_log":5,"minecraft:dirt":11,"minecraft:spruce_planks":2},"minecraft:crafted":{"minecraft:spruce_planks":8},"minecraft:used":{"minecraft:spruce_planks":2},"minecraft:custom":{"minecraft:jump":14,"minecraft:time_since_rest":2658,"minecraft:leave_game":3,"minecraft:play_time":2658,"minecraft:sprint_one_cm":1627,"minecraft:time_since_death":2658,"minecraft:walk_one_cm":4754,"minecraft:total_world_time":2658,"minecraft:fly_one_cm":2076}},"DataVersion":3465}