{"stats":{"minecraft:picked_up":{"minecraft:stick":3,"minecraft:oak_log":14,"minecraft:oak_sapling":3,"minecraft:mutton":3,"minecraft:dirt":42,"minecraft:white_wool":3},"minecraft:custom":{"minecraft:time_since_rest":1244,"minecraft:deaths":1,"minecraft:crouch_one_cm":1029,"minecraft:play_time":3980,"minecraft:sprint_one_cm":2622,"minecraft:damage_taken":268,"minecraft:walk_one_cm":13035,"minecraft:sneak_time":298,"minecraft:mob_kills":2,"minecraft:jump":90,"minecraft:damage_dealt":384,"minecraft:time_since_death":1212,"minecraft:total_world_time":3980,"minecraft:player_kills":1,"minecraft:fall_one_cm":1465,"minecraft:fly_one_cm":4969},"minecraft:killed_by":{"minecraft:player":1},"minecraft:killed":{"minecraft:sheep":2},"minecraft:mined":{"minecraft:grass":6,"minecraft:grass_block":22,"minecraft:oak_log":9,"minecraft:oak_leaves":4}},"DataVersion":3465}