{"stats":{"minecraft:mined":{"minecraft:grass":5,"minecraft:grass_block":4,"minecraft:spruce_log":2},"minecraft:picked_up":{"minecraft:spruce_log":2,"minecraft:dirt":4},"minecraft:crafted":{"minecraft:spruce_planks":8},"minecraft:used":{"minecraft:spruce_planks":2},"minecraft:custom":{"minecraft:jump":8,"minecraft:time_since_rest":1805,"minecraft:leave_game":2,"minecraft:play_time":1805,"minecraft:sprint_one_cm":1296,"minecraft:time_since_death":1805,"minecraft:walk_one_cm":2697,"minecraft:total_world_time":1805,"minecraft:fly_one_cm":1390}},"DataVersion":3465}