{"stats":{"minecraft:dropped":{"gnumus:gnumus_cutlass":1,"minecraft:wheat_seeds":7,"minecraft:cooked_porkchop":2,"minecraft:cobblestone":960,"minecraft:warped_roots":1,"minecraft:apple":4,"minecraft:dirt":12,"minecraft:cherry_planks":15,"gravestone:obituary":6,"minecraft:iron_axe":1,"gnumus:grilled_juicy_meat":1,"minecraft:pink_petals":27,"minecraft:bone":3,"minecraft:gravel":7,"minecraft:stone_axe":1,"minecraft:moss_carpet":1,"minecraft:stone_sword":1,"minecraft:cherry_sapling":28,"minecraft:rotten_flesh":2,"minecraft:flower_pot":1,"vanillaplustools:stone_hammer":1,"minecraft:spider_eye":1,"minecraft:stone_pickaxe":1},"minecraft:killed_by":{"minecraft:skeleton":1,"born_in_chaos_v1:scarlet_persecutor":1,"born_in_chaos_v1:missioner":1},"minecraft:custom":{"minecraft:mob_kills":34,"minecraft:interact_with_crafting_table":30,"minecraft:open_barrel":18,"minecraft:damage_dealt_resisted":306,"minecraft:leave_game":6,"minecraft:time_since_death":5568,"minecraft:sprint_one_cm":184744,"minecraft:walk_one_cm":266696,"minecraft:damage_blocked_by_shield":1080,"minecraft:drop":49,"minecraft:play_time":128605,"minecraft:deaths":4,"minecraft:sneak_time":838,"minecraft:walk_under_water_one_cm":3624,"minecraft:jump":2371,"minecraft:walk_on_water_one_cm":7652,"minecraft:total_world_time":128605,"minecraft:interact_with_furnace":73,"minecraft:sleep_in_bed":5,"minecraft:time_since_rest":5625,"minecraft:damage_taken":2902,"minecraft:damage_dealt":6368,"minecraft:swim_one_cm":18842,"minecraft:fly_one_cm":374417,"minecraft:open_chest":20,"minecraft:crouch_one_cm":2455,"minecraft:fall_one_cm":81582},"minecraft:killed":{"minecraft:cave_spider":1,"born_in_chaos_v1:restless_spirit":2,"born_in_chaos_v1:zombie_lumberjack":1,"born_in_chaos_v1:door_knight_not_despawn":1,"born_in_chaos_v1:maggot":1,"minecraft:skeleton":2,"gnumus:gnumus_hunter":3,"minecraft:pig":1,"minecraft:squid":1,"born_in_chaos_v1:decrepit_skeleton":1,"gnumus:gnumus_merchant":2,"alexsmobs:catfish":1,"minecraft:zombie":4,"alexsmobs:terrapin":3,"born_in_chaos_v1:corpse_fly":2,"alexsmobs:fly":1,"minecraft:cow":5},"minecraft:used":{"minecraft:cherry_boat":1,"minecraft:rose_bush":4,"minecraft:stone_sword":93,"minecraft:spruce_slab":2,"minecraft:chest":1,"minecraft:shield":11,"minecraft:iron_sword":72,"vanillaplustools:stone_hammer":128,"minecraft:torch":39,"minecraft:white_carpet":1,"minecraft:wooden_axe":13,"minecraft:iron_axe":37,"minecraft:oak_sapling":2,"minecraft:furnace":6,"minecraft:cooked_beef":12,"gnumus:grilled_juicy_meat":2,"alexsmobs:cooked_catfish":3,"minecraft:stone_pickaxe":43,"gnumus:overripe_carrot":1,"minecraft:wooden_pickaxe":6,"minecraft:cherry_planks":32,"biomesoplenty:flowering_oak_sapling":1,"minecraft:crafting_table":6,"minecraft:white_bed":2,"gnumus:gnumus_cutlass":14,"minecraft:apple":2,"minecraft:bread":3,"minecraft:iron_pickaxe":36,"minecraft:stone_axe":107,"minecraft:cobblestone":42,"vanillaplustools:iron_hammer":104,"minecraft:cooked_porkchop":1,"alexsmobs:animal_dictionary":1},"minecraft:mined":{"gravestone:gravestone":4,"biomesoplenty:bush":21,"minecraft:grass_block":8,"minecraft:tall_seagrass":1,"gnumus:scion_weed":1,"minecraft:furnace":4,"minecraft:iron_ore":49,"minecraft:fire":9,"minecraft:moss_carpet":1,"treechop:chopped_log":13,"biomesoplenty:webbing":10,"minecraft:packed_ice":2,"biomesoplenty:barley":9,"gnumus:fragile_gnumus_jug":1,"biomesoplenty:spider_egg":1,"minecraft:stone":1721,"minecraft:white_wool":9,"minecraft:spruce_slab":2,"minecraft:cherry_planks":11,"minecraft:powder_snow":8,"minecraft:crafting_table":4,"minecraft:torch":2,"minecraft:potted_warped_roots":1,"minecraft:chest":1,"minecraft:rose_bush":7,"minecraft:copper_ore":9,"minecraft:cobblestone":7,"biomesoplenty:sprout":4,"minecraft:diorite":10,"minecraft:wall_torch":1,"minecraft:seagrass":3,"minecraft:white_carpet":2,"minecraft:grass":87,"biomesoplenty:clover":11,"minecraft:oak_log":7,"minecraft:coal_ore":129,"minecraft:gravel":2,"minecraft:dirt":4,"minecraft:gray_carpet":3,"biomesoplenty:stringy_cobweb":1,"minecraft:cobweb":11,"biomesoplenty:redwood_wood":3,"minecraft:oak_leaves":13},"minecraft:picked_up":{"minecraft:crafting_table":4,"artifacts:night_vision_goggles":1,"minecraft:flower_pot":1,"gnumus:gnumus_claw":2,"gravestone:obituary":2,"minecraft:string":18,"minecraft:moss_carpet":1,"minecraft:raw_copper":28,"minecraft:white_carpet":1,"gnumus:packaged_goods":2,"minecraft:beef":8,"minecraft:rose_bush":6,"minecraft:spruce_slab":2,"biomesoplenty:redwood_wood":122,"minecraft:chest":1,"minecraft:furnace":4,"minecraft:golden_helmet":1,"minecraft:stick":71,"minecraft:raw_iron":52,"minecraft:torch":4,"minecraft:porkchop":3,"minecraft:cherry_log":25,"gnumus:grilled_juicy_meat":1,"minecraft:arrow":1,"gnumus:vintage_metal":1,"minecraft:rotten_flesh":6,"minecraft:gold_ingot":12,"minecraft:cobblestone":1519,"minecraft:white_wool":9,"minecraft:birch_log":2,"born_in_chaos_v1:corpse_maggot":1,"minecraft:pink_petals":27,"gnumus:gnumus_doubloons":3,"minecraft:cooked_beef":5,"minecraft:cherry_planks":26,"gnumus:overripe_carrot":1,"minecraft:leather":5,"minecraft:golden_leggings":1,"gnumus:gnumus_cutlass":1,"gnumus:gnumus_pouch":2,"minecraft:flint":1,"minecraft:oak_log":88,"minecraft:golden_boots":1,"minecraft:paper":2,"minecraft:dirt":12,"minecraft:name_tag":1,"minecraft:bone":13,"minecraft:apple":9,"minecraft:wheat_seeds":7,"minecraft:iron_ingot":1,"minecraft:cooked_porkchop":2,"born_in_chaos_v1:ethereal_spirit":2,"minecraft:dripstone_block":3,"minecraft:gravel":7,"minecraft:ink_sac":3,"minecraft:spruce_log":1,"minecraft:spider_eye":1,"biomesoplenty:flowering_oak_sapling":18,"alexsmobs:raw_catfish":3,"gnumus:gnumus_clay":5,"minecraft:cherry_sapling":28,"minecraft:warped_roots":1,"minecraft:oak_sapling":37,"minecraft:coal":184},"minecraft:crafted":{"minecraft:cherry_planks":100,"minecraft:oak_planks":12,"gnumus:grilled_juicy_meat":2,"vanillaplustools:stone_hammer":1,"minecraft:furnace":2,"minecraft:cherry_boat":1,"vanillaplustools:iron_hammer":1,"sophisticatedbackpacks:copper_backpack":1,"minecraft:iron_axe":1,"minecraft:stone_pickaxe":10,"minecraft:chest":1,"alexsmobs:cooked_catfish":3,"sophisticatedbackpacks:iron_backpack":1,"minecraft:cooked_beef":8,"gnumus:gnumus_cutlass":1,"sophisticatedbackpacks:backpack":1,"minecraft:cooked_porkchop":2,"minecraft:crafting_table":2,"minecraft:wooden_pickaxe":1,"minecraft:iron_sword":1,"minecraft:copper_ingot":28,"minecraft:birch_planks":8,"minecraft:stone_axe":1,"minecraft:bread":3,"minecraft:air":0,"minecraft:gold_nugget":9,"minecraft:shield":1,"minecraft:stick":60,"minecraft:iron_pickaxe":10,"minecraft:iron_ingot":50,"minecraft:wooden_axe":1,"minecraft:stone_sword":1,"minecraft:white_bed":2,"minecraft:torch":36}},"DataVersion":3465}