{"stats":{"minecraft:custom":{"minecraft:mob_kills":9,"minecraft:interact_with_crafting_table":23,"minecraft:open_barrel":12,"minecraft:damage_dealt_resisted":32,"minecraft:leave_game":2,"minecraft:time_since_death":81230,"minecraft:climb_one_cm":1404,"minecraft:sprint_one_cm":369634,"minecraft:walk_one_cm":297755,"minecraft:drop":107,"minecraft:play_time":174127,"minecraft:deaths":11,"minecraft:sneak_time":32233,"minecraft:walk_under_water_one_cm":2430,"minecraft:jump":2459,"minecraft:walk_on_water_one_cm":11025,"minecraft:total_world_time":174127,"minecraft:interact_with_furnace":43,"minecraft:interact_with_loom":1,"minecraft:interact_with_grindstone":1,"minecraft:sleep_in_bed":1,"minecraft:time_since_rest":74767,"minecraft:damage_taken":4082,"minecraft:damage_dealt":2172,"minecraft:swim_one_cm":4549,"minecraft:fly_one_cm":333813,"minecraft:player_kills":1,"minecraft:open_chest":25,"minecraft:crouch_one_cm":157016,"minecraft:interact_with_smoker":1,"minecraft:fall_one_cm":75315},"minecraft:used":{"minecraft:oak_trapdoor":3,"minecraft:moss_carpet":1,"minecraft:ladder":4,"minecraft:diamond_hoe":9,"minecraft:chest":2,"minecraft:iron_sword":18,"vanillaplustools:stone_hammer":240,"minecraft:torch":15,"minecraft:dirt":4,"minecraft:carrot":3,"minecraft:wooden_axe":11,"minecraft:jungle_log":2,"minecraft:barrel":1,"minecraft:furnace":10,"minecraft:cooked_cod":7,"minecraft:cobbled_deepslate":53,"minecraft:iron_leggings":1,"minecraft:cooked_mutton":9,"minecraft:diorite":4,"minecraft:gray_carpet":3,"minecraft:stone_pickaxe":226,"minecraft:oak_planks":4,"minecraft:wooden_pickaxe":6,"minecraft:white_wool":2,"minecraft:crafting_table":6,"alexscaves:cave_book":1,"minecraft:blue_ice":1,"minecraft:white_bed":3,"minecraft:apple":2,"minecraft:bread":2,"minecraft:iron_pickaxe":762,"minecraft:stone_axe":37,"minecraft:pink_petals":3,"minecraft:potion":1,"minecraft:cobblestone":163,"minecraft:stripped_oak_log":1,"minecraft:gray_wool":1,"minecraft:smooth_stone":1,"minecraft:diamond_leggings":1},"minecraft:broken":{"minecraft:stone_pickaxe":1,"vanillaplustools:stone_hammer":2,"minecraft:iron_pickaxe":2},"minecraft:killed_by":{"alexsmobs:froststalker":1,"minecraft:player":2,"minecraft:warden":2,"minecraft:cave_spider":1,"minecraft:skeleton":1,"minecraft:zombie":1},"minecraft:mined":{"minecraft:deepslate_tiles":2,"minecraft:tuff":254,"minecraft:white_bed":2,"minecraft:mossy_cobblestone":2,"minecraft:deepslate_diamond_ore":17,"minecraft:candle":1,"minecraft:sculk_vein":6,"minecraft:cobblestone_stairs":3,"minecraft:ladder":4,"gravestone:gravestone":9,"minecraft:granite":10,"biomesoplenty:bush":1,"minecraft:grass_block":5,"born_in_chaos_v1:black_argillite":20,"minecraft:jungle_log":1,"minecraft:deepslate_bricks":6,"minecraft:spawner":1,"minecraft:smooth_stone":1,"minecraft:oak_trapdoor":5,"minecraft:furnace":3,"minecraft:iron_ore":16,"minecraft:barrel":1,"minecraft:cobbled_deepslate":8,"minecraft:andesite":110,"treechop:chopped_log":4,"minecraft:sculk_shrieker":10,"minecraft:deepslate_iron_ore":14,"biomesoplenty:webbing":4,"minecraft:stripped_oak_log":1,"minecraft:packed_ice":3,"biomesoplenty:barley":4,"biomesoplenty:spider_egg":1,"minecraft:stone":547,"minecraft:deepslate_redstone_ore":6,"minecraft:powder_snow":8,"minecraft:crafting_table":5,"minecraft:torch":4,"minecraft:chest":2,"minecraft:rose_bush":1,"minecraft:sculk_sensor":3,"minecraft:tall_grass":2,"minecraft:cobblestone":24,"minecraft:lapis_ore":6,"farmersdelight:wild_tomatoes":2,"minecraft:cracked_deepslate_bricks":2,"minecraft:sculk":84,"minecraft:diorite":45,"minecraft:wall_torch":7,"minecraft:skeleton_skull":1,"minecraft:pink_petals":4,"minecraft:gray_wool":5,"minecraft:gray_bed":1,"minecraft:black_bed":1,"minecraft:tnt":1,"minecraft:cracked_deepslate_tiles":1,"minecraft:grass":4,"biomesoplenty:clover":2,"minecraft:oak_log":2,"minecraft:coal_ore":27,"minecraft:gravel":23,"minecraft:dirt":8,"minecraft:gray_carpet":3,"minecraft:cobweb":5,"minecraft:gold_ore":6,"minecraft:oak_leaves":7,"minecraft:deepslate":1417},"minecraft:crafted":{"minecraft:cherry_planks":92,"minecraft:oak_planks":48,"vanillaplustools:stone_hammer":1,"minecraft:furnace":8,"minecraft:cooked_mutton":9,"minecraft:iron_boots":1,"minecraft:leather":4,"minecraft:stone_pickaxe":12,"minecraft:chest":1,"sophisticatedbackpacks:backpack":1,"minecraft:crafting_table":3,"minecraft:wooden_pickaxe":1,"minecraft:iron_helmet":1,"minecraft:iron_sword":1,"minecraft:copper_ingot":7,"minecraft:stone_axe":2,"minecraft:air":0,"minecraft:iron_chestplate":1,"minecraft:stick":44,"minecraft:iron_ingot":54,"minecraft:iron_pickaxe":4,"minecraft:wooden_axe":1,"minecraft:iron_leggings":1,"minecraft:white_bed":1,"minecraft:torch":16},"minecraft:dropped":{"farmersdelight:tomato_seeds":1,"minecraft:iron_ingot":44,"minecraft:wheat_seeds":1,"minecraft:mossy_cobblestone":2,"minecraft:crafting_table":1,"minecraft:cobblestone":232,"artifacts:cloud_in_a_bottle":1,"minecraft:granite":11,"minecraft:copper_ingot":7,"gnumus:gnumus_pickaxe":1,"gnumus:mouse_skin":3,"minecraft:flint":1,"minecraft:dirt":5,"minecraft:packed_ice":4,"born_in_chaos_v1:black_argillite":20,"minecraft:diorite":2,"minecraft:rose_bush":1,"minecraft:cracked_deepslate_tiles":1,"minecraft:iron_leggings":1,"gravestone:obituary":25,"minecraft:smooth_stone":1,"minecraft:bone":1,"minecraft:gravel":28,"minecraft:furnace":1,"minecraft:oak_trapdoor":2,"minecraft:cobbled_deepslate":1031,"minecraft:raw_copper":14,"minecraft:tuff":215,"born_in_chaos_v1:ethereal_spirit":1,"minecraft:rotten_flesh":9,"iammusicplayer:radio_antenna":4,"minecraft:deepslate_bricks":6,"minecraft:deepslate_tiles":2,"minecraft:andesite":115,"minecraft:oak_sapling":4,"minecraft:stone_pickaxe":1,"minecraft:cracked_deepslate_bricks":2},"minecraft:killed":{"born_in_chaos_v1:restless_spirit":1,"born_in_chaos_v1:zombie_lumberjack":1,"alexsmobs:froststalker":1,"born_in_chaos_v1:decrepit_skeleton":2,"minecraft:zombie":4},"minecraft:picked_up":{"minecraft:crafting_table":5,"minecraft:ladder":4,"minecraft:packed_ice":6,"gravestone:obituary":25,"born_in_chaos_v1:black_argillite":20,"minecraft:oak_trapdoor":7,"minecraft:string":14,"minecraft:raw_copper":14,"minecraft:moss_carpet":1,"minecraft:iron_leggings":1,"minecraft:deepslate_tiles":2,"minecraft:candle":3,"minecraft:smooth_stone":2,"minecraft:cobbled_deepslate":1539,"minecraft:rose_bush":1,"minecraft:chest":2,"minecraft:furnace":3,"minecraft:stick":23,"minecraft:raw_iron":29,"minecraft:torch":13,"farmersdelight:tomato_seeds":1,"minecraft:cherry_log":34,"minecraft:diorite":48,"minecraft:redstone":27,"minecraft:tnt":1,"minecraft:rotten_flesh":10,"minecraft:cooked_cod":7,"minecraft:deepslate_bricks":6,"minecraft:cracked_deepslate_bricks":2,"gnumus:mouse_skin":6,"minecraft:skeleton_skull":1,"minecraft:cobblestone":643,"minecraft:stripped_oak_log":1,"minecraft:cracked_deepslate_tiles":1,"minecraft:pink_petals":9,"minecraft:cherry_planks":12,"minecraft:jungle_log":3,"minecraft:andesite":115,"minecraft:black_bed":1,"minecraft:flint":1,"minecraft:tuff":273,"minecraft:oak_log":12,"artifacts:cloud_in_a_bottle":1,"gnumus:gnumus_pickaxe":1,"minecraft:lapis_lazuli":35,"minecraft:dirt":13,"born_in_chaos_v1:monster_skin":1,"minecraft:bone":3,"minecraft:gray_carpet":3,"minecraft:apple":2,"iammusicplayer:radio_antenna":5,"minecraft:wheat_seeds":1,"minecraft:raw_gold":6,"minecraft:iron_ingot":40,"minecraft:gray_bed":1,"born_in_chaos_v1:ethereal_spirit":2,"minecraft:gravel":32,"minecraft:white_bed":2,"minecraft:barrel":1,"minecraft:dark_oak_log":2,"minecraft:mossy_cobblestone":2,"minecraft:diamond":17,"minecraft:blue_ice":1,"minecraft:granite":11,"minecraft:cherry_sapling":17,"minecraft:gray_wool":5,"minecraft:oak_sapling":5,"minecraft:coal":126}},"DataVersion":3465}