{"stats":{"minecraft:custom":{"minecraft:time_since_rest":1306,"minecraft:sprint_one_cm":54420,"minecraft:damage_taken":895,"minecraft:walk_one_cm":25686,"minecraft:mob_kills":4,"minecraft:drop":8,"minecraft:damage_dealt":945,"minecraft:interact_with_crafting_table":2,"minecraft:fly_one_cm":57513,"minecraft:player_kills":1,"minecraft:crouch_one_cm":4377,"minecraft:play_time":12919,"minecraft:deaths":3,"minecraft:sneak_time":1227,"minecraft:walk_under_water_one_cm":131,"minecraft:damage_dealt_resisted":2,"minecraft:jump":300,"minecraft:leave_game":1,"minecraft:time_since_death":679,"minecraft:walk_on_water_one_cm":1880,"minecraft:total_world_time":12919,"minecraft:fall_one_cm":21346},"minecraft:used":{"minecraft:wooden_axe":11,"minecraft:stone_pickaxe":87,"minecraft:jungle_log":2,"minecraft:wooden_pickaxe":6,"minecraft:stone_axe":4,"minecraft:pink_petals":3,"minecraft:cobblestone":3,"minecraft:dirt":1,"minecraft:crafting_table":1},"minecraft:killed_by":{"minecraft:cave_spider":1},"minecraft:mined":{"minecraft:pink_petals":4,"minecraft:powder_snow":8,"treechop:chopped_log":2,"minecraft:crafting_table":1,"minecraft:torch":1,"gravestone:gravestone":1,"minecraft:grass":2,"minecraft:grass_block":2,"minecraft:coal_ore":5,"minecraft:jungle_log":1,"biomesoplenty:webbing":4,"minecraft:dirt":3,"minecraft:tall_grass":2,"minecraft:cobblestone":1,"biomesoplenty:spider_egg":1,"minecraft:stone":84},"minecraft:dropped":{"born_in_chaos_v1:ethereal_spirit":1,"minecraft:rotten_flesh":6,"gravestone:obituary":4,"minecraft:bone":1},"minecraft:picked_up":{"minecraft:pink_petals":9,"minecraft:stick":22,"minecraft:crafting_table":1,"minecraft:jungle_log":3,"minecraft:torch":1,"born_in_chaos_v1:ethereal_spirit":2,"minecraft:cherry_log":30,"gravestone:obituary":1,"minecraft:dark_oak_log":2,"minecraft:dirt":5,"minecraft:bone":3,"minecraft:rotten_flesh":7,"minecraft:cherry_sapling":17,"minecraft:coal":5,"minecraft:cobblestone":83},"minecraft:killed":{"minecraft:zombie":1,"born_in_chaos_v1:restless_spirit":1,"born_in_chaos_v1:zombie_lumberjack":1,"born_in_chaos_v1:decrepit_skeleton":1},"minecraft:crafted":{"minecraft:cherry_planks":76,"minecraft:crafting_table":1,"minecraft:stick":4,"minecraft:wooden_pickaxe":1,"minecraft:stone_pickaxe":1,"minecraft:wooden_axe":1,"minecraft:stone_axe":1}},"DataVersion":3465}