{"stats":{"minecraft:custom":{"minecraft:interact_with_furnace":16,"minecraft:mob_kills":5,"minecraft:interact_with_crafting_table":13,"minecraft:open_barrel":2,"minecraft:damage_dealt_resisted":2,"minecraft:leave_game":1,"minecraft:time_since_death":4270,"minecraft:time_since_rest":4307,"minecraft:sprint_one_cm":184983,"minecraft:damage_taken":1966,"minecraft:walk_one_cm":129523,"minecraft:drop":20,"minecraft:damage_dealt":1101,"minecraft:swim_one_cm":4549,"minecraft:fly_one_cm":228030,"minecraft:player_kills":1,"minecraft:open_chest":10,"minecraft:crouch_one_cm":40859,"minecraft:play_time":60919,"minecraft:deaths":6,"minecraft:sneak_time":9985,"minecraft:walk_under_water_one_cm":1770,"minecraft:jump":1421,"minecraft:walk_on_water_one_cm":5474,"minecraft:total_world_time":60919,"minecraft:fall_one_cm":55655},"minecraft:used":{"minecraft:cooked_mutton":4,"minecraft:moss_carpet":1,"minecraft:stone_pickaxe":226,"minecraft:wooden_pickaxe":6,"minecraft:iron_sword":2,"minecraft:white_wool":2,"minecraft:torch":4,"minecraft:dirt":4,"minecraft:crafting_table":4,"minecraft:carrot":1,"minecraft:blue_ice":1,"minecraft:white_bed":1,"minecraft:wooden_axe":11,"minecraft:apple":2,"minecraft:iron_pickaxe":564,"minecraft:jungle_log":2,"minecraft:stone_axe":20,"minecraft:pink_petals":3,"minecraft:cobblestone":87,"minecraft:furnace":2},"minecraft:broken":{"minecraft:stone_pickaxe":1,"minecraft:iron_pickaxe":2},"minecraft:killed_by":{"alexsmobs:froststalker":1,"minecraft:cave_spider":1,"minecraft:skeleton":1},"minecraft:mined":{"minecraft:deepslate_redstone_ore":6,"minecraft:tuff":48,"minecraft:deepslate_diamond_ore":10,"minecraft:powder_snow":8,"minecraft:crafting_table":4,"minecraft:torch":2,"gravestone:gravestone":3,"minecraft:granite":6,"biomesoplenty:bush":1,"minecraft:grass_block":5,"minecraft:jungle_log":1,"minecraft:rose_bush":1,"minecraft:sculk_sensor":1,"minecraft:tall_grass":2,"minecraft:cobblestone":2,"farmersdelight:wild_tomatoes":2,"minecraft:sculk":56,"minecraft:diorite":42,"minecraft:wall_torch":2,"minecraft:pink_petals":4,"minecraft:furnace":2,"minecraft:iron_ore":8,"minecraft:andesite":5,"treechop:chopped_log":4,"minecraft:sculk_shrieker":1,"minecraft:grass":4,"biomesoplenty:clover":2,"minecraft:oak_log":2,"minecraft:coal_ore":10,"minecraft:deepslate_iron_ore":2,"biomesoplenty:webbing":4,"minecraft:gravel":1,"minecraft:dirt":5,"minecraft:packed_ice":3,"biomesoplenty:barley":4,"minecraft:stone":312,"biomesoplenty:spider_egg":1,"minecraft:gold_ore":6,"minecraft:oak_leaves":7,"minecraft:deepslate":326},"minecraft:dropped":{"farmersdelight:tomato_seeds":1,"born_in_chaos_v1:ethereal_spirit":1,"minecraft:rotten_flesh":6,"minecraft:dirt":1,"minecraft:andesite":5,"minecraft:rose_bush":1,"minecraft:oak_sapling":4,"gravestone:obituary":11,"minecraft:bone":1},"minecraft:picked_up":{"minecraft:pink_petals":9,"minecraft:crafting_table":4,"minecraft:andesite":5,"minecraft:jungle_log":3,"minecraft:packed_ice":2,"minecraft:tuff":48,"minecraft:oak_log":12,"gravestone:obituary":4,"minecraft:dirt":10,"minecraft:moss_carpet":1,"minecraft:bone":3,"minecraft:apple":2,"minecraft:cobbled_deepslate":325,"minecraft:raw_gold":6,"minecraft:rose_bush":1,"minecraft:furnace":2,"minecraft:stick":23,"minecraft:raw_iron":10,"minecraft:torch":4,"born_in_chaos_v1:ethereal_spirit":2,"minecraft:gravel":4,"farmersdelight:tomato_seeds":1,"minecraft:cherry_log":30,"minecraft:diorite":42,"minecraft:redstone":27,"minecraft:dark_oak_log":2,"minecraft:rotten_flesh":7,"minecraft:diamond":10,"minecraft:granite":6,"minecraft:blue_ice":1,"minecraft:cherry_sapling":17,"minecraft:oak_sapling":5,"minecraft:coal":109,"minecraft:cobblestone":312},"minecraft:killed":{"born_in_chaos_v1:zombie_lumberjack":1,"born_in_chaos_v1:restless_spirit":1,"alexsmobs:froststalker":1,"born_in_chaos_v1:decrepit_skeleton":1,"minecraft:zombie":1},"minecraft:crafted":{"minecraft:cherry_planks":76,"minecraft:oak_planks":48,"minecraft:crafting_table":2,"minecraft:wooden_pickaxe":1,"minecraft:iron_sword":1,"minecraft:furnace":1,"minecraft:stone_axe":2,"minecraft:cooked_mutton":9,"minecraft:air":0,"minecraft:stick":20,"minecraft:iron_ingot":9,"minecraft:iron_pickaxe":3,"minecraft:stone_pickaxe":3,"minecraft:wooden_axe":1,"minecraft:white_bed":1}},"DataVersion":3465}