{"stats":{"minecraft:custom":{"minecraft:mob_kills":7,"minecraft:interact_with_crafting_table":20,"minecraft:open_barrel":5,"minecraft:damage_dealt_resisted":32,"minecraft:leave_game":1,"minecraft:time_since_death":15875,"minecraft:sprint_one_cm":218469,"minecraft:walk_one_cm":197843,"minecraft:drop":62,"minecraft:play_time":84919,"minecraft:deaths":9,"minecraft:sneak_time":11380,"minecraft:walk_under_water_one_cm":2430,"minecraft:jump":1841,"minecraft:walk_on_water_one_cm":9567,"minecraft:total_world_time":84919,"minecraft:interact_with_furnace":42,"minecraft:time_since_rest":15905,"minecraft:damage_taken":3023,"minecraft:damage_dealt":1592,"minecraft:swim_one_cm":4549,"minecraft:player_kills":1,"minecraft:fly_one_cm":256453,"minecraft:open_chest":12,"minecraft:crouch_one_cm":45845,"minecraft:fall_one_cm":62070},"minecraft:broken":{"minecraft:stone_pickaxe":1,"vanillaplustools:stone_hammer":1,"minecraft:iron_pickaxe":2},"minecraft:used":{"minecraft:moss_carpet":1,"minecraft:iron_sword":2,"vanillaplustools:stone_hammer":194,"minecraft:torch":6,"minecraft:dirt":4,"minecraft:carrot":1,"minecraft:wooden_axe":11,"minecraft:jungle_log":2,"minecraft:furnace":9,"minecraft:cooked_cod":4,"minecraft:cobbled_deepslate":8,"minecraft:cooked_mutton":4,"minecraft:diorite":4,"minecraft:stone_pickaxe":226,"minecraft:wooden_pickaxe":6,"minecraft:white_wool":2,"minecraft:crafting_table":5,"minecraft:blue_ice":1,"minecraft:white_bed":1,"minecraft:apple":2,"minecraft:bread":2,"minecraft:iron_pickaxe":568,"minecraft:stone_axe":20,"minecraft:pink_petals":3,"minecraft:cobblestone":129},"minecraft:mined":{"minecraft:tuff":222,"minecraft:mossy_cobblestone":2,"minecraft:deepslate_diamond_ore":14,"minecraft:cobblestone_stairs":3,"minecraft:granite":10,"gravestone:gravestone":6,"biomesoplenty:bush":1,"minecraft:grass_block":5,"born_in_chaos_v1:black_argillite":20,"minecraft:jungle_log":1,"minecraft:spawner":1,"minecraft:furnace":2,"minecraft:iron_ore":16,"minecraft:andesite":110,"treechop:chopped_log":4,"minecraft:sculk_shrieker":1,"minecraft:deepslate_iron_ore":13,"biomesoplenty:webbing":4,"minecraft:packed_ice":3,"biomesoplenty:barley":4,"biomesoplenty:spider_egg":1,"minecraft:stone":547,"minecraft:deepslate_redstone_ore":6,"minecraft:powder_snow":8,"minecraft:crafting_table":4,"minecraft:torch":2,"minecraft:rose_bush":1,"minecraft:sculk_sensor":1,"minecraft:tall_grass":2,"minecraft:cobblestone":23,"farmersdelight:wild_tomatoes":2,"minecraft:lapis_ore":6,"minecraft:sculk":67,"minecraft:diorite":45,"minecraft:wall_torch":4,"minecraft:pink_petals":4,"minecraft:grass":4,"biomesoplenty:clover":2,"minecraft:coal_ore":27,"minecraft:oak_log":2,"minecraft:gravel":20,"minecraft:dirt":8,"minecraft:gold_ore":6,"minecraft:oak_leaves":7,"minecraft:deepslate":933},"minecraft:killed_by":{"alexsmobs:froststalker":1,"minecraft:player":2,"minecraft:cave_spider":1,"minecraft:skeleton":1,"minecraft:zombie":1},"minecraft:dropped":{"farmersdelight:tomato_seeds":1,"minecraft:iron_ingot":44,"minecraft:wheat_seeds":1,"minecraft:mossy_cobblestone":2,"minecraft:cobblestone":232,"artifacts:cloud_in_a_bottle":1,"minecraft:granite":5,"minecraft:copper_ingot":7,"minecraft:dirt":4,"born_in_chaos_v1:black_argillite":20,"minecraft:diorite":2,"minecraft:rose_bush":1,"gravestone:obituary":21,"minecraft:bone":1,"minecraft:gravel":1,"minecraft:cobbled_deepslate":183,"minecraft:raw_copper":14,"minecraft:tuff":32,"born_in_chaos_v1:ethereal_spirit":1,"minecraft:rotten_flesh":9,"minecraft:andesite":115,"minecraft:oak_sapling":4},"minecraft:picked_up":{"minecraft:crafting_table":4,"minecraft:packed_ice":2,"gravestone:obituary":23,"born_in_chaos_v1:black_argillite":20,"minecraft:moss_carpet":1,"minecraft:raw_copper":14,"minecraft:cobbled_deepslate":1044,"minecraft:rose_bush":1,"minecraft:furnace":2,"minecraft:stick":23,"minecraft:raw_iron":28,"minecraft:torch":7,"farmersdelight:tomato_seeds":1,"minecraft:cherry_log":34,"minecraft:diorite":48,"minecraft:redstone":27,"minecraft:rotten_flesh":10,"minecraft:cooked_cod":4,"minecraft:cobblestone":642,"minecraft:pink_petals":9,"minecraft:cherry_planks":5,"minecraft:jungle_log":3,"minecraft:andesite":115,"minecraft:flint":1,"minecraft:tuff":235,"minecraft:oak_log":12,"artifacts:cloud_in_a_bottle":1,"minecraft:lapis_lazuli":35,"minecraft:dirt":13,"minecraft:bone":3,"minecraft:apple":2,"minecraft:wheat_seeds":1,"minecraft:raw_gold":6,"minecraft:iron_ingot":33,"born_in_chaos_v1:ethereal_spirit":2,"minecraft:gravel":21,"minecraft:dark_oak_log":2,"minecraft:mossy_cobblestone":2,"minecraft:diamond":14,"minecraft:blue_ice":1,"minecraft:granite":11,"minecraft:cherry_sapling":17,"minecraft:oak_sapling":5,"minecraft:coal":126},"minecraft:killed":{"born_in_chaos_v1:restless_spirit":1,"born_in_chaos_v1:zombie_lumberjack":1,"alexsmobs:froststalker":1,"born_in_chaos_v1:decrepit_skeleton":1,"minecraft:zombie":3},"minecraft:crafted":{"minecraft:cherry_planks":92,"minecraft:oak_planks":48,"vanillaplustools:stone_hammer":1,"minecraft:furnace":8,"minecraft:cooked_mutton":9,"minecraft:iron_boots":1,"minecraft:stone_pickaxe":12,"minecraft:crafting_table":3,"minecraft:wooden_pickaxe":1,"minecraft:iron_helmet":1,"minecraft:iron_sword":1,"minecraft:copper_ingot":7,"minecraft:stone_axe":2,"minecraft:air":0,"minecraft:iron_chestplate":1,"minecraft:stick":40,"minecraft:iron_ingot":54,"minecraft:iron_pickaxe":4,"minecraft:wooden_axe":1,"minecraft:iron_leggings":1,"minecraft:white_bed":1}},"DataVersion":3465}