{"stats":{"minecraft:killed_by":{"alexsmobs:froststalker":1,"minecraft:cave_spider":1,"minecraft:zombie":1,"minecraft:player":2,"gnumus:gnumus_hunter_not_dispawn":1,"minecraft:warden":2,"minecraft:skeleton":1},"minecraft:crafted":{"minecraft:oak_planks":48,"minecraft:cooked_chicken":4,"minecraft:cherry_boat":1,"minecraft:cooked_mutton":9,"minecraft:iron_boots":1,"minecraft:chest":1,"minecraft:smoker":2,"sophisticatedbackpacks:backpack":1,"minecraft:cooked_porkchop":12,"minecraft:crafting_table":4,"minecraft:wooden_pickaxe":1,"minecraft:iron_helmet":1,"minecraft:copper_ingot":7,"minecraft:iron_chestplate":1,"minecraft:cherry_sign":3,"minecraft:stick":44,"minecraft:iron_pickaxe":5,"born_in_chaos_v1:smoked_flesh":3,"minecraft:iron_ingot":95,"minecraft:cherry_planks":148,"vanillaplustools:stone_hammer":1,"minecraft:furnace":10,"born_in_chaos_v1:smoked_monster_flesh":1,"minecraft:leather":4,"minecraft:iron_axe":1,"minecraft:stone_pickaxe":12,"sophisticatedbackpacks:iron_backpack":1,"minecraft:cooked_beef":45,"biomesoplenty:redwood_planks":68,"minecraft:iron_sword":1,"minecraft:stone_axe":2,"minecraft:air":0,"minecraft:wooden_axe":1,"minecraft:iron_leggings":1,"minecraft:white_bed":1,"minecraft:torch":16},"minecraft:dropped":{"minecraft:glass_bottle":1,"minecraft:crafting_table":1,"minecraft:cooked_porkchop":2,"artifacts:cloud_in_a_bottle":1,"gnumus:gnumus_pickaxe":1,"gnumus:mouse_skin":3,"minecraft:cod":3,"minecraft:flint":1,"minecraft:dirt":6,"minecraft:packed_ice":4,"minecraft:cracked_deepslate_tiles":1,"gravestone:obituary":27,"minecraft:bone_meal":1,"minecraft:bone":3,"minecraft:gravel":28,"minecraft:cobbled_deepslate":1038,"vinery:taiga_grape_seeds_red":2,"born_in_chaos_v1:ethereal_spirit":4,"minecraft:cherry_sapling":1,"minecraft:rotten_flesh":9,"minecraft:deepslate_tiles":2,"minecraft:arrow":1,"farmersdelight:tomato_seeds":1,"minecraft:iron_ingot":44,"minecraft:wheat_seeds":6,"minecraft:mossy_cobblestone":2,"minecraft:cobblestone":345,"minecraft:amethyst_block":62,"minecraft:granite":11,"minecraft:copper_ingot":7,"minecraft:coal":1,"minecraft:stick":55,"minecraft:cherry_sign":2,"born_in_chaos_v1:black_argillite":20,"minecraft:diorite":2,"minecraft:gray_bed":1,"minecraft:rose_bush":1,"minecraft:iron_leggings":2,"minecraft:smooth_stone":1,"minecraft:string":5,"minecraft:pink_petals":35,"minecraft:furnace":1,"minecraft:oak_trapdoor":2,"minecraft:raw_copper":14,"minecraft:tuff":215,"biomesoplenty:redwood_planks":56,"iammusicplayer:radio_antenna":4,"minecraft:deepslate_bricks":6,"minecraft:andesite":115,"minecraft:oak_sapling":5,"minecraft:stone_pickaxe":1,"minecraft:raw_gold":1,"minecraft:cracked_deepslate_bricks":2},"minecraft:custom":{"minecraft:interact_with_crafting_table":37,"minecraft:open_barrel":25,"minecraft:leave_game":5,"minecraft:time_since_death":17248,"minecraft:damage_resisted":34,"minecraft:sprint_one_cm":681234,"minecraft:drop":141,"minecraft:play_time":278070,"minecraft:deaths":13,"minecraft:jump":5367,"minecraft:interact_with_brewingstand":3,"minecraft:walk_on_water_one_cm":21243,"minecraft:interact_with_furnace":54,"minecraft:interact_with_loom":1,"minecraft:sleep_in_bed":7,"minecraft:damage_dealt":13543,"minecraft:player_kills":1,"minecraft:crouch_one_cm":169953,"minecraft:interact_with_smoker":51,"minecraft:mob_kills":80,"minecraft:damage_dealt_resisted":1012,"minecraft:climb_one_cm":2066,"minecraft:walk_one_cm":511566,"minecraft:sneak_time":35134,"minecraft:walk_under_water_one_cm":9680,"minecraft:boat_one_cm":36675,"minecraft:total_world_time":278070,"minecraft:interact_with_grindstone":1,"minecraft:time_since_rest":14881,"minecraft:damage_taken":6803,"minecraft:damage_absorbed":120,"minecraft:swim_one_cm":24559,"minecraft:fly_one_cm":803398,"minecraft:open_chest":56,"minecraft:fall_one_cm":168770},"minecraft:picked_up":{"gnumus:gnumus_claw":7,"minecraft:lead":2,"vinery:cherry_log":6,"minecraft:amethyst_block":124,"born_in_chaos_v1:black_argillite":20,"minecraft:string":26,"minecraft:raw_copper":34,"minecraft:iron_leggings":1,"minecraft:deepslate_tiles":2,"minecraft:smooth_stone":2,"minecraft:cobbled_deepslate":1552,"minecraft:bucket":1,"minecraft:rose_bush":1,"minecraft:calcite":10,"biomesoplenty:redwood_wood":502,"minecraft:furnace":4,"minecraft:stick":134,"minecraft:torch":33,"minecraft:porkchop":33,"minecraft:cherry_log":85,"minecraft:diorite":48,"minecraft:rotten_flesh":31,"minecraft:cod":4,"minecraft:snowball":2,"minecraft:cobblestone":1102,"minecraft:pink_petals":44,"gnumus:gnumus_doubloons":3,"minecraft:feather":3,"minecraft:cherry_planks":12,"minecraft:jungle_log":3,"minecraft:andesite":115,"gnumus:overripe_carrot":5,"minecraft:black_bed":2,"minecraft:smoker":7,"biomesoplenty:fir_sapling":2,"biomesoplenty:fir_log":8,"alexsmobs:bison_fur":2,"minecraft:flint":1,"minecraft:tuff":274,"minecraft:lapis_lazuli":35,"minecraft:dirt":23,"gnumus:gnumus_pouch_2":3,"born_in_chaos_v1:monster_skin":2,"brewery:hops_seeds":6,"minecraft:bone":8,"iammusicplayer:radio_antenna":5,"minecraft:wheat_seeds":8,"minecraft:raw_gold":7,"minecraft:cooked_porkchop":1,"minecraft:poisonous_potato":1,"minecraft:dark_oak_log":2,"minecraft:barrel":1,"minecraft:mossy_cobblestone":2,"minecraft:diamond":17,"minecraft:blue_ice":1,"minecraft:granite":11,"minecraft:bone_meal":1,"minecraft:oak_sapling":5,"minecraft:crafting_table":9,"minecraft:chicken":4,"minecraft:ladder":4,"minecraft:packed_ice":6,"minecraft:pink_wool":1,"minecraft:gold_block":1,"gravestone:obituary":26,"minecraft:oak_trapdoor":7,"minecraft:moss_carpet":1,"vinery:cherry_sapling":2,"minecraft:candle":3,"minecraft:beef":45,"born_in_chaos_v1:gnawed_bones":1,"minecraft:sugar_cane":1,"minecraft:chest":2,"minecraft:raw_iron":45,"gnumus:juicy_meat":12,"sophisticatedbackpacks:backpack":1,"farmersdelight:tomato_seeds":1,"minecraft:carrot":12,"minecraft:redstone":27,"minecraft:tnt":1,"biomesoplenty:redwood_planks":57,"minecraft:arrow":1,"minecraft:cooked_cod":7,"minecraft:deepslate_bricks":6,"minecraft:hay_block":24,"minecraft:cracked_deepslate_bricks":2,"gnumus:gnumus_pouch_3":1,"biomesoplenty:redwood_sapling":61,"gnumus:mouse_skin":6,"minecraft:mutton":2,"minecraft:skeleton_skull":1,"minecraft:white_wool":1,"minecraft:cracked_deepslate_tiles":1,"minecraft:stripped_oak_log":1,"born_in_chaos_v1:corpse_maggot":3,"born_in_chaos_v1:monster_flesh":5,"minecraft:leather":13,"minecraft:oak_log":12,"artifacts:cloud_in_a_bottle":1,"minecraft:gunpowder":2,"gnumus:gnumus_pickaxe":1,"minecraft:red_carpet":4,"minecraft:apple":3,"minecraft:gray_carpet":3,"minecraft:rabbit_hide":1,"minecraft:iron_ingot":40,"minecraft:gray_bed":6,"minecraft:smooth_basalt":17,"vinery:taiga_grape_seeds_red":2,"born_in_chaos_v1:ethereal_spirit":5,"minecraft:dripstone_block":2,"minecraft:gravel":32,"minecraft:white_bed":6,"minecraft:cherry_sapling":34,"minecraft:gray_wool":5,"minecraft:baked_potato":1,"minecraft:coal":331},"minecraft:mined":{"minecraft:white_bed":6,"minecraft:cobblestone_stairs":3,"minecraft:sculk_vein":6,"minecraft:granite":10,"vinery:taiga_grape_bush_red":1,"minecraft:grass_block":28,"minecraft:jungle_log":1,"minecraft:deepslate_bricks":6,"minecraft:spawner":1,"minecraft:smooth_stone":1,"minecraft:barrel":1,"minecraft:iron_ore":22,"minecraft:cobbled_deepslate":8,"minecraft:azure_bluet":1,"minecraft:sculk_shrieker":12,"minecraft:pointed_dripstone":1,"biomesoplenty:webbing":4,"minecraft:deepslate_redstone_ore":6,"brewery:wild_hops":3,"minecraft:smoker":6,"minecraft:powder_snow":8,"minecraft:torch":15,"minecraft:chest":2,"minecraft:cobblestone":53,"minecraft:wall_torch":15,"minecraft:pink_petals":25,"minecraft:skeleton_skull":1,"minecraft:black_bed":2,"minecraft:tnt":1,"minecraft:grass":31,"minecraft:cracked_deepslate_tiles":1,"biomesoplenty:clover":2,"minecraft:oak_log":2,"minecraft:dirt":18,"minecraft:oak_leaves":12,"minecraft:deepslate":1429,"minecraft:deepslate_tiles":2,"minecraft:red_carpet":4,"minecraft:tuff":256,"minecraft:mossy_cobblestone":2,"minecraft:deepslate_diamond_ore":17,"minecraft:candle":1,"farmersdelight:wild_carrots":13,"minecraft:ladder":4,"gravestone:gravestone":12,"biomesoplenty:bush":4,"minecraft:allium":1,"born_in_chaos_v1:black_argillite":20,"born_in_chaos_v1:gnawed_bones":1,"minecraft:hay_block":24,"gnumus:scion_weed":1,"minecraft:oak_trapdoor":5,"minecraft:furnace":4,"biomesoplenty:toadstool":1,"minecraft:andesite":110,"treechop:chopped_log":13,"minecraft:gold_block":1,"minecraft:deepslate_iron_ore":23,"minecraft:stripped_oak_log":1,"minecraft:packed_ice":6,"biomesoplenty:barley":5,"gnumus:fragile_gnumus_jug":11,"minecraft:stone":978,"biomesoplenty:spider_egg":1,"biomesoplenty:redwood_planks":1,"minecraft:crafting_table":9,"minecraft:rose_bush":1,"minecraft:sculk_sensor":4,"minecraft:tall_grass":7,"minecraft:copper_ore":6,"minecraft:lapis_ore":6,"farmersdelight:wild_tomatoes":2,"minecraft:cracked_deepslate_bricks":2,"minecraft:sculk":86,"minecraft:diorite":45,"minecraft:gray_wool":5,"minecraft:gray_bed":5,"minecraft:coal_ore":28,"minecraft:cherry_leaves":1,"minecraft:dripstone_block":2,"minecraft:gravel":23,"minecraft:gray_carpet":3,"minecraft:cobweb":5,"minecraft:gold_ore":6,"biomesoplenty:redwood_wood":11,"minecraft:fern":5},"minecraft:used":{"minecraft:moss_carpet":1,"minecraft:diamond_hoe":45,"minecraft:ladder":4,"minecraft:chest":2,"minecraft:iron_sword":266,"minecraft:mutton":1,"minecraft:carrot":11,"born_in_chaos_v1:smoked_flesh":3,"minecraft:furnace":11,"minecraft:cooked_cod":7,"minecraft:gray_bed":5,"minecraft:diorite":4,"minecraft:gray_carpet":3,"minecraft:stone_pickaxe":226,"minecraft:oak_planks":4,"minecraft:wooden_pickaxe":6,"minecraft:white_wool":2,"alexscaves:cave_book":1,"minecraft:blue_ice":1,"minecraft:black_bed":2,"minecraft:bread":2,"minecraft:cherry_sign":1,"born_in_chaos_v1:smoked_monster_flesh":1,"minecraft:cherry_boat":1,"minecraft:oak_trapdoor":3,"biomesoplenty:redwood_planks":17,"vanillaplustools:stone_hammer":284,"minecraft:torch":42,"minecraft:dirt":10,"minecraft:wooden_axe":11,"biomesoplenty:redwood_wood":51,"minecraft:iron_axe":44,"minecraft:jungle_log":2,"minecraft:barrel":1,"minecraft:smooth_basalt":10,"minecraft:cooked_beef":21,"minecraft:cobbled_deepslate":64,"minecraft:enchanted_golden_apple":1,"minecraft:iron_leggings":1,"minecraft:cooked_mutton":9,"minecraft:water_bucket":6,"minecraft:baked_potato":1,"minecraft:crafting_table":11,"minecraft:white_bed":6,"minecraft:smoker":7,"minecraft:apple":2,"minecraft:iron_pickaxe":992,"minecraft:stone_axe":142,"minecraft:pink_petals":3,"minecraft:cobblestone":367,"minecraft:potion":1,"minecraft:cooked_porkchop":4,"minecraft:bucket":7,"minecraft:stripped_oak_log":1,"minecraft:gray_wool":1,"minecraft:smooth_stone":1,"minecraft:candle":3,"minecraft:diamond_leggings":1},"minecraft:killed":{"born_in_chaos_v1:zombie_lumberjack":1,"born_in_chaos_v1:restless_spirit":2,"alexsmobs:froststalker":4,"minecraft:skeleton":3,"minecraft:chicken":4,"gnumus:gnumus_shaman":1,"minecraft:pig":19,"minecraft:zombie_villager":2,"gnumus:big_snout":2,"minecraft:creeper":1,"minecraft:sheep":2,"minecraft:pillager":2,"minecraft:zombie":9,"born_in_chaos_v1:dread_hound":2,"born_in_chaos_v1:door_knight":1,"minecraft:cow":6,"alexsmobs:raccoon":1,"born_in_chaos_v1:zombie_clown_not_despawn":1,"born_in_chaos_v1:maggot":4,"minecraft:horse":1,"alexsmobs:bison":5,"born_in_chaos_v1:corpse_fish":1,"gnumus:gnumus_hunter_not_dispawn":3,"born_in_chaos_v1:decrepit_skeleton":3},"minecraft:broken":{"minecraft:stone_pickaxe":1,"minecraft:iron_sword":1,"vanillaplustools:stone_hammer":2,"minecraft:iron_pickaxe":3}},"DataVersion":3465}