{"stats":{"minecraft:custom":{"minecraft:mob_kills":11,"minecraft:interact_with_crafting_table":23,"minecraft:open_barrel":12,"minecraft:damage_dealt_resisted":32,"minecraft:leave_game":3,"minecraft:time_since_death":3426,"minecraft:climb_one_cm":2066,"minecraft:damage_resisted":34,"minecraft:sprint_one_cm":434030,"minecraft:walk_one_cm":342393,"minecraft:drop":115,"minecraft:play_time":205304,"minecraft:deaths":12,"minecraft:sneak_time":32907,"minecraft:walk_under_water_one_cm":2430,"minecraft:jump":3130,"minecraft:walk_on_water_one_cm":11869,"minecraft:total_world_time":205304,"minecraft:interact_with_furnace":43,"minecraft:interact_with_loom":1,"minecraft:interact_with_grindstone":1,"minecraft:sleep_in_bed":2,"minecraft:time_since_rest":3451,"minecraft:damage_taken":4459,"minecraft:damage_absorbed":120,"minecraft:damage_dealt":2432,"minecraft:player_kills":1,"minecraft:swim_one_cm":4549,"minecraft:fly_one_cm":399490,"minecraft:open_chest":28,"minecraft:crouch_one_cm":159898,"minecraft:interact_with_smoker":1,"minecraft:fall_one_cm":92037},"minecraft:used":{"minecraft:oak_trapdoor":3,"minecraft:moss_carpet":1,"minecraft:ladder":4,"minecraft:diamond_hoe":13,"minecraft:chest":2,"minecraft:iron_sword":23,"vanillaplustools:stone_hammer":240,"minecraft:torch":17,"minecraft:dirt":4,"minecraft:carrot":3,"minecraft:wooden_axe":11,"minecraft:jungle_log":2,"minecraft:barrel":1,"minecraft:smooth_basalt":10,"minecraft:cooked_cod":7,"minecraft:furnace":10,"minecraft:gray_bed":4,"minecraft:cobbled_deepslate":64,"minecraft:enchanted_golden_apple":1,"minecraft:iron_leggings":1,"minecraft:cooked_mutton":9,"minecraft:diorite":4,"minecraft:baked_potato":1,"minecraft:stone_pickaxe":226,"minecraft:gray_carpet":3,"minecraft:oak_planks":4,"minecraft:wooden_pickaxe":6,"minecraft:white_wool":2,"minecraft:crafting_table":6,"alexscaves:cave_book":1,"minecraft:blue_ice":1,"minecraft:white_bed":3,"minecraft:apple":2,"minecraft:bread":2,"minecraft:iron_pickaxe":982,"minecraft:stone_axe":51,"minecraft:pink_petals":3,"minecraft:cobblestone":276,"minecraft:potion":1,"minecraft:stripped_oak_log":1,"minecraft:gray_wool":1,"minecraft:diamond_leggings":1,"minecraft:smooth_stone":1},"minecraft:broken":{"minecraft:stone_pickaxe":1,"vanillaplustools:stone_hammer":2,"minecraft:iron_pickaxe":3},"minecraft:killed_by":{"alexsmobs:froststalker":1,"minecraft:player":2,"minecraft:warden":2,"minecraft:cave_spider":1,"minecraft:skeleton":1,"minecraft:zombie":1},"minecraft:mined":{"minecraft:deepslate_tiles":2,"minecraft:tuff":256,"minecraft:white_bed":2,"minecraft:mossy_cobblestone":2,"minecraft:deepslate_diamond_ore":17,"minecraft:candle":1,"minecraft:cobblestone_stairs":3,"minecraft:sculk_vein":6,"gravestone:gravestone":10,"minecraft:ladder":4,"minecraft:granite":10,"biomesoplenty:bush":1,"vinery:taiga_grape_bush_red":1,"minecraft:grass_block":5,"born_in_chaos_v1:black_argillite":20,"minecraft:jungle_log":1,"minecraft:deepslate_bricks":6,"minecraft:spawner":1,"minecraft:smooth_stone":1,"minecraft:oak_trapdoor":5,"minecraft:furnace":3,"minecraft:iron_ore":22,"minecraft:cobbled_deepslate":8,"minecraft:barrel":1,"minecraft:andesite":110,"treechop:chopped_log":5,"minecraft:sculk_shrieker":12,"minecraft:pointed_dripstone":1,"minecraft:deepslate_iron_ore":23,"biomesoplenty:webbing":4,"minecraft:stripped_oak_log":1,"minecraft:packed_ice":3,"biomesoplenty:barley":4,"biomesoplenty:spider_egg":1,"minecraft:stone":713,"minecraft:deepslate_redstone_ore":6,"minecraft:powder_snow":8,"minecraft:crafting_table":5,"minecraft:torch":5,"minecraft:chest":2,"minecraft:rose_bush":1,"minecraft:sculk_sensor":4,"minecraft:copper_ore":6,"minecraft:tall_grass":2,"minecraft:cobblestone":37,"farmersdelight:wild_tomatoes":2,"minecraft:lapis_ore":6,"minecraft:cracked_deepslate_bricks":2,"minecraft:sculk":86,"minecraft:diorite":45,"minecraft:wall_torch":7,"minecraft:skeleton_skull":1,"minecraft:pink_petals":4,"minecraft:gray_wool":5,"minecraft:gray_bed":5,"minecraft:tnt":1,"minecraft:black_bed":1,"minecraft:grass":4,"minecraft:cracked_deepslate_tiles":1,"biomesoplenty:clover":2,"minecraft:oak_log":2,"minecraft:coal_ore":27,"minecraft:dripstone_block":2,"minecraft:gravel":23,"minecraft:dirt":11,"minecraft:gray_carpet":3,"minecraft:cobweb":5,"minecraft:gold_ore":6,"minecraft:oak_leaves":7,"minecraft:deepslate":1429},"minecraft:crafted":{"minecraft:cherry_planks":92,"minecraft:oak_planks":48,"vanillaplustools:stone_hammer":1,"minecraft:furnace":8,"minecraft:cooked_mutton":9,"minecraft:iron_boots":1,"minecraft:leather":4,"minecraft:stone_pickaxe":12,"minecraft:chest":1,"sophisticatedbackpacks:backpack":1,"minecraft:crafting_table":3,"minecraft:iron_helmet":1,"minecraft:wooden_pickaxe":1,"minecraft:iron_sword":1,"minecraft:copper_ingot":7,"minecraft:stone_axe":2,"minecraft:air":0,"minecraft:iron_chestplate":1,"minecraft:stick":44,"minecraft:iron_ingot":54,"minecraft:iron_pickaxe":4,"minecraft:wooden_axe":1,"minecraft:iron_leggings":1,"minecraft:white_bed":1,"minecraft:torch":16},"minecraft:dropped":{"farmersdelight:tomato_seeds":1,"minecraft:iron_ingot":44,"minecraft:wheat_seeds":1,"minecraft:mossy_cobblestone":2,"minecraft:glass_bottle":1,"minecraft:crafting_table":1,"minecraft:cobblestone":232,"artifacts:cloud_in_a_bottle":1,"minecraft:amethyst_block":62,"minecraft:granite":11,"minecraft:copper_ingot":7,"gnumus:gnumus_pickaxe":1,"gnumus:mouse_skin":3,"minecraft:stick":4,"minecraft:flint":1,"minecraft:dirt":5,"minecraft:packed_ice":4,"born_in_chaos_v1:black_argillite":20,"minecraft:diorite":2,"minecraft:gray_bed":1,"minecraft:rose_bush":1,"minecraft:cracked_deepslate_tiles":1,"minecraft:iron_leggings":2,"gravestone:obituary":26,"minecraft:smooth_stone":1,"minecraft:bone":1,"minecraft:gravel":28,"minecraft:furnace":1,"minecraft:oak_trapdoor":2,"vinery:taiga_grape_seeds_red":2,"minecraft:cobbled_deepslate":1038,"minecraft:raw_copper":14,"minecraft:tuff":215,"born_in_chaos_v1:ethereal_spirit":1,"minecraft:rotten_flesh":9,"iammusicplayer:radio_antenna":4,"minecraft:deepslate_bricks":6,"minecraft:deepslate_tiles":2,"minecraft:andesite":115,"minecraft:oak_sapling":4,"minecraft:stone_pickaxe":1,"minecraft:cracked_deepslate_bricks":2},"minecraft:killed":{"born_in_chaos_v1:restless_spirit":1,"born_in_chaos_v1:zombie_lumberjack":1,"alexsmobs:froststalker":1,"born_in_chaos_v1:maggot":1,"born_in_chaos_v1:decrepit_skeleton":2,"minecraft:zombie":5},"minecraft:picked_up":{"minecraft:crafting_table":5,"minecraft:ladder":4,"minecraft:packed_ice":6,"gravestone:obituary":25,"minecraft:amethyst_block":124,"born_in_chaos_v1:black_argillite":20,"minecraft:raw_copper":34,"minecraft:string":14,"minecraft:oak_trapdoor":7,"minecraft:moss_carpet":1,"minecraft:iron_leggings":1,"minecraft:deepslate_tiles":2,"minecraft:cobbled_deepslate":1552,"minecraft:candle":3,"minecraft:smooth_stone":2,"minecraft:rose_bush":1,"minecraft:calcite":10,"minecraft:chest":2,"minecraft:furnace":3,"minecraft:stick":27,"minecraft:raw_iron":44,"minecraft:torch":14,"sophisticatedbackpacks:backpack":1,"farmersdelight:tomato_seeds":1,"minecraft:cherry_log":53,"minecraft:diorite":48,"minecraft:redstone":27,"minecraft:tnt":1,"minecraft:rotten_flesh":10,"minecraft:cooked_cod":7,"minecraft:deepslate_bricks":6,"minecraft:cracked_deepslate_bricks":2,"gnumus:mouse_skin":6,"minecraft:snowball":2,"minecraft:skeleton_skull":1,"minecraft:cobblestone":821,"minecraft:stripped_oak_log":1,"minecraft:cracked_deepslate_tiles":1,"minecraft:pink_petals":9,"minecraft:cherry_planks":12,"minecraft:andesite":115,"minecraft:jungle_log":3,"minecraft:black_bed":1,"minecraft:flint":1,"minecraft:tuff":274,"minecraft:oak_log":12,"artifacts:cloud_in_a_bottle":1,"minecraft:lapis_lazuli":35,"gnumus:gnumus_pickaxe":1,"minecraft:dirt":16,"born_in_chaos_v1:monster_skin":1,"minecraft:bone":3,"minecraft:gray_carpet":3,"minecraft:apple":2,"iammusicplayer:radio_antenna":5,"minecraft:wheat_seeds":1,"minecraft:raw_gold":6,"minecraft:iron_ingot":40,"minecraft:gray_bed":6,"minecraft:smooth_basalt":17,"vinery:taiga_grape_seeds_red":2,"born_in_chaos_v1:ethereal_spirit":2,"minecraft:dripstone_block":2,"minecraft:gravel":32,"minecraft:white_bed":2,"minecraft:dark_oak_log":2,"minecraft:barrel":1,"minecraft:mossy_cobblestone":2,"minecraft:diamond":17,"minecraft:blue_ice":1,"minecraft:granite":11,"minecraft:cherry_sapling":17,"minecraft:gray_wool":5,"minecraft:baked_potato":1,"minecraft:oak_sapling":5,"minecraft:coal":126}},"DataVersion":3465}