{"stats":{"minecraft:killed_by":{"alexsmobs:froststalker":1,"born_in_chaos_v1:zombie_bruiser":1,"minecraft:cave_spider":1,"born_in_chaos_v1:siamese_skeletons":1,"minecraft:zombie":1,"minecraft:player":2,"gnumus:gnumus_hunter_not_dispawn":1,"minecraft:warden":2,"minecraft:skeleton":2,"born_in_chaos_v1:missioner":1},"minecraft:crafted":{"minecraft:oak_planks":56,"gnumus:grilled_juicy_meat":10,"minecraft:cooked_chicken":4,"minecraft:cherry_boat":1,"biomesoplenty:redwood_slab":42,"minecraft:bookshelf":10,"minecraft:cooked_mutton":13,"minecraft:iron_boots":2,"minecraft:chest":6,"minecraft:cooked_rabbit":2,"minecraft:smoker":2,"minecraft:cooked_porkchop":41,"sophisticatedbackpacks:backpack":1,"minecraft:crafting_table":6,"minecraft:wooden_pickaxe":1,"minecraft:iron_helmet":2,"minecraft:copper_ingot":7,"biomesoplenty:redwood_boat":1,"minecraft:iron_chestplate":2,"minecraft:cherry_sign":3,"minecraft:shield":1,"minecraft:stick":56,"born_in_chaos_v1:smoked_flesh":3,"minecraft:iron_ingot":104,"minecraft:iron_pickaxe":5,"minecraft:gold_ingot":9,"minecraft:cherry_planks":272,"minecraft:coal":27,"vanillaplustools:stone_hammer":1,"minecraft:furnace":11,"born_in_chaos_v1:smoked_monster_flesh":5,"minecraft:leather":4,"minecraft:iron_axe":2,"minecraft:cherry_stairs":40,"minecraft:stone_pickaxe":12,"minecraft:wheat":234,"sophisticatedbackpacks:iron_backpack":1,"minecraft:cooked_beef":56,"brewery:bench":2,"biomesoplenty:redwood_planks":416,"minecraft:iron_sword":2,"sophisticatedbackpacks:gold_backpack":1,"minecraft:stone_axe":2,"minecraft:bread":78,"minecraft:air":0,"minecraft:oak_boat":1,"minecraft:wooden_axe":1,"minecraft:iron_shovel":1,"minecraft:iron_leggings":1,"minecraft:white_bed":1,"minecraft:torch":16},"minecraft:dropped":{"minecraft:cooked_beef":8,"minecraft:glass_bottle":1,"minecraft:crafting_table":1,"minecraft:cooked_porkchop":2,"artifacts:cloud_in_a_bottle":1,"gnumus:gnumus_pickaxe":1,"gnumus:mouse_skin":3,"biomesoplenty:fir_sapling":2,"minecraft:cod":3,"minecraft:flint":1,"minecraft:emerald":1,"minecraft:dirt":22,"minecraft:packed_ice":4,"born_in_chaos_v1:monster_skin":1,"minecraft:cracked_deepslate_tiles":1,"gravestone:obituary":34,"minecraft:bone_meal":1,"minecraft:iron_pickaxe":1,"minecraft:bone":4,"minecraft:gravel":28,"minecraft:stone_axe":1,"vinery:taiga_grape_seeds_red":2,"minecraft:cobbled_deepslate":1038,"biomesoplenty:redwood_sapling":61,"vinery:cherry_sapling":2,"born_in_chaos_v1:ethereal_spirit":4,"minecraft:cherry_sapling":17,"minecraft:rotten_flesh":31,"minecraft:oak_planks":126,"minecraft:cooked_mutton":4,"minecraft:white_bed":1,"minecraft:poppy":1,"minecraft:deepslate_tiles":2,"minecraft:charcoal":8,"minecraft:arrow":1,"farmersdelight:tomato_seeds":1,"minecraft:iron_ingot":80,"minecraft:bread":25,"minecraft:wheat_seeds":11,"minecraft:mossy_cobblestone":2,"minecraft:cobblestone":345,"minecraft:amethyst_block":62,"minecraft:granite":11,"minecraft:copper_ingot":7,"minecraft:yellow_carpet":1,"minecraft:coal":1,"minecraft:stick":57,"minecraft:cherry_sign":2,"born_in_chaos_v1:black_argillite":20,"minecraft:diorite":2,"minecraft:gray_bed":1,"minecraft:rose_bush":1,"minecraft:cherry_planks":19,"minecraft:iron_leggings":2,"minecraft:smooth_stone":1,"minecraft:iron_shovel":1,"minecraft:string":5,"minecraft:pink_petals":212,"minecraft:furnace":1,"minecraft:sweet_berries":1,"minecraft:oak_trapdoor":2,"minecraft:raw_copper":14,"minecraft:tuff":215,"biomesoplenty:redwood_planks":73,"minecraft:iron_boots":1,"iammusicplayer:radio_antenna":4,"minecraft:deepslate_bricks":6,"gnumus:gnumus_clay":5,"minecraft:allium":10,"minecraft:iron_chestplate":1,"minecraft:andesite":115,"gnumus:gnumus_chickpeas":8,"minecraft:oak_sapling":9,"brewery:hops_seeds":6,"minecraft:stone_pickaxe":1,"minecraft:raw_gold":1,"minecraft:cracked_deepslate_bricks":2},"minecraft:custom":{"minecraft:interact_with_crafting_table":66,"minecraft:open_barrel":30,"minecraft:leave_game":11,"minecraft:time_since_death":52438,"minecraft:damage_resisted":34,"minecraft:sprint_one_cm":1361946,"minecraft:damage_blocked_by_shield":120,"minecraft:drop":205,"minecraft:talked_to_villager":2,"minecraft:play_time":477517,"minecraft:deaths":17,"minecraft:jump":9458,"minecraft:interact_with_brewingstand":3,"minecraft:walk_on_water_one_cm":32770,"minecraft:interact_with_furnace":61,"minecraft:interact_with_loom":1,"minecraft:sleep_in_bed":18,"minecraft:waystone_activated":2,"minecraft:damage_dealt":25432,"minecraft:player_kills":1,"minecraft:crouch_one_cm":184156,"minecraft:interact_with_smoker":69,"minecraft:interact_with_anvil":1,"minecraft:mob_kills":144,"minecraft:damage_dealt_resisted":1106,"minecraft:climb_one_cm":6313,"minecraft:walk_one_cm":941561,"minecraft:sneak_time":38479,"minecraft:walk_under_water_one_cm":14764,"minecraft:boat_one_cm":253395,"minecraft:total_world_time":477517,"minecraft:interact_with_grindstone":1,"minecraft:time_since_rest":2454,"minecraft:damage_taken":12025,"minecraft:damage_absorbed":120,"minecraft:swim_one_cm":52570,"minecraft:fly_one_cm":1633106,"minecraft:open_chest":149,"minecraft:fall_one_cm":326437},"minecraft:picked_up":{"brewery:table":14,"beautify:oak_trellis":12,"minecraft:anvil":1,"gnumus:gnumus_claw":11,"minecraft:lead":2,"vinery:cherry_log":6,"minecraft:brewing_stand":1,"minecraft:amethyst_block":124,"born_in_chaos_v1:black_argillite":20,"minecraft:string":54,"minecraft:raw_copper":35,"minecraft:iron_leggings":1,"minecraft:experience_bottle":1,"minecraft:deepslate_tiles":2,"biomesoplenty:redwood_slab":5,"minecraft:cobbled_deepslate":1552,"minecraft:smooth_stone":2,"minecraft:bucket":1,"minecraft:rose_bush":13,"minecraft:calcite":10,"minecraft:iron_pickaxe":2,"biomesoplenty:redwood_wood":520,"brewery:bar_counter":3,"minecraft:coal_block":31,"minecraft:furnace":4,"minecraft:beehive":16,"minecraft:stick":136,"born_in_chaos_v1:shattered_skull":1,"biomesoplenty:redwood_boat":3,"minecraft:torch":55,"minecraft:porkchop":42,"minecraft:cherry_log":85,"minecraft:diorite":48,"minecraft:warped_button":1,"minecraft:rotten_flesh":63,"gnumus:gnumus_chickpeas":8,"minecraft:cod":4,"minecraft:snowball":2,"minecraft:cobblestone":1187,"minecraft:pink_petals":256,"gnumus:gnumus_doubloons":9,"brewery:beer_mug":2,"minecraft:feather":7,"minecraft:cooked_beef":1,"minecraft:cherry_planks":100,"minecraft:andesite":115,"minecraft:jungle_log":3,"gnumus:overripe_carrot":5,"minecraft:black_bed":2,"minecraft:smoker":7,"minecraft:potato":10,"biomesoplenty:fir_sapling":4,"biomesoplenty:fir_log":8,"alexsmobs:bison_fur":2,"minecraft:flint":1,"minecraft:tuff":274,"minecraft:lantern":22,"minecraft:lapis_lazuli":35,"minecraft:dirt":408,"gnumus:gnumus_pouch_2":3,"brewery:hops_seeds":12,"born_in_chaos_v1:monster_skin":3,"minecraft:bone":15,"iammusicplayer:radio_antenna":5,"minecraft:bow":1,"minecraft:wheat_seeds":13,"minecraft:raw_gold":7,"minecraft:rabbit":2,"minecraft:oak_planks":112,"beautify:hanging_pot":4,"minecraft:cooked_porkchop":1,"minecraft:oak_pressure_plate":1,"minecraft:poisonous_potato":1,"sophisticatedbackpacks:iron_backpack":1,"minecraft:dark_oak_log":2,"minecraft:barrel":1,"minecraft:mossy_cobblestone":2,"minecraft:yellow_carpet":1,"brewery:cabinet":3,"minecraft:diamond":17,"gnumus:gnumus_clay":15,"waystones:waystone":2,"minecraft:blue_ice":1,"minecraft:granite":11,"minecraft:bone_meal":1,"minecraft:spruce_button":10,"minecraft:bread":1,"minecraft:emerald":2,"minecraft:oak_sapling":10,"minecraft:crafting_table":12,"minecraft:charcoal":8,"minecraft:allium":10,"minecraft:azure_bluet":2,"minecraft:chicken":4,"minecraft:ladder":4,"minecraft:packed_ice":6,"minecraft:pink_wool":1,"minecraft:gold_block":1,"gravestone:obituary":28,"minecraft:oak_trapdoor":7,"minecraft:moss_carpet":1,"born_in_chaos_v1:intoxicating_decoction":1,"minecraft:item_frame":1,"minecraft:iron_shovel":1,"vinery:cherry_sapling":4,"minecraft:candle":3,"minecraft:beef":56,"born_in_chaos_v1:gnawed_bones":2,"brewery:barrel_main":2,"minecraft:poppy":1,"minecraft:sugar_cane":7,"minecraft:chest":2,"minecraft:raw_iron":45,"minecraft:cherry_stairs":19,"gnumus:juicy_meat":23,"sophisticatedbackpacks:backpack":1,"farmersdelight:tomato_seeds":1,"minecraft:carrot":12,"minecraft:redstone":27,"minecraft:stone_pressure_plate":1,"brewery:wall_cabinet":3,"minecraft:tnt":2,"biomesoplenty:redwood_planks":93,"minecraft:arrow":4,"minecraft:cooked_cod":7,"minecraft:pumpkin_pie":2,"minecraft:deepslate_bricks":6,"minecraft:hay_block":95,"minecraft:cracked_deepslate_bricks":2,"minecraft:gold_ingot":2,"biomesoplenty:redwood_sapling":122,"gnumus:gnumus_pouch_3":1,"gnumus:mouse_skin":22,"minecraft:mutton":9,"minecraft:skeleton_skull":2,"minecraft:white_wool":1,"minecraft:cracked_deepslate_tiles":1,"minecraft:stripped_oak_log":1,"born_in_chaos_v1:corpse_maggot":11,"born_in_chaos_v1:monster_flesh":5,"minecraft:leather":18,"minecraft:red_mushroom":1,"gnumus:gnumus_pouch":1,"minecraft:oak_log":15,"brewery:bench":31,"minecraft:gunpowder":10,"artifacts:cloud_in_a_bottle":1,"gnumus:gnumus_pickaxe":1,"farmersdelight:organic_compost":1,"minecraft:red_carpet":4,"minecraft:apple":3,"minecraft:gray_carpet":3,"minecraft:rabbit_hide":1,"minecraft:iron_ingot":82,"minecraft:gray_bed":11,"minecraft:iron_sword":1,"minecraft:book":104,"minecraft:oak_slab":1,"minecraft:smooth_basalt":17,"minecraft:sweet_berries":1,"vinery:taiga_grape_seeds_red":2,"born_in_chaos_v1:ethereal_spirit":8,"minecraft:dandelion":5,"minecraft:dripstone_block":2,"minecraft:gravel":32,"gnumus:gnumus_cheese":4,"minecraft:white_bed":12,"minecraft:cherry_sapling":52,"minecraft:gray_wool":5,"minecraft:baked_potato":1,"minecraft:coal":331},"minecraft:mined":{"minecraft:stone_pressure_plate":1,"minecraft:white_bed":10,"minecraft:cobblestone_stairs":3,"minecraft:sculk_vein":6,"minecraft:brewing_stand":1,"minecraft:granite":10,"vinery:taiga_grape_bush_red":1,"minecraft:grass_block":277,"minecraft:yellow_carpet":1,"brewery:bar_counter":3,"minecraft:jungle_log":1,"minecraft:oak_pressure_plate":1,"minecraft:deepslate_bricks":6,"minecraft:coal_block":32,"brewery:beer_hops":6,"minecraft:spawner":1,"minecraft:smooth_stone":1,"brewery:wall_cabinet":3,"minecraft:iron_ore":22,"minecraft:cobbled_deepslate":8,"minecraft:barrel":1,"minecraft:anvil":1,"minecraft:azure_bluet":1,"minecraft:sculk_shrieker":12,"vinery:taiga_grape_bush_white":1,"minecraft:pointed_dripstone":1,"biomesoplenty:webbing":4,"minecraft:deepslate_redstone_ore":6,"brewery:wild_hops":3,"farmersdelight:organic_compost":1,"minecraft:smoker":6,"minecraft:powder_snow":8,"minecraft:torch":27,"beautify:hanging_pot":4,"minecraft:chest":2,"beautify:oak_trellis":12,"minecraft:cobblestone":119,"minecraft:sugar_cane":3,"minecraft:wall_torch":25,"minecraft:pink_petals":35,"minecraft:skeleton_skull":2,"minecraft:black_bed":2,"minecraft:tnt":2,"minecraft:grass":60,"minecraft:cracked_deepslate_tiles":1,"biomesoplenty:clover":2,"minecraft:oak_log":4,"brewery:beer_mug":2,"minecraft:dirt":59,"brewery:cabinet":3,"minecraft:oak_leaves":35,"minecraft:deepslate":1429,"biomesoplenty:orange_autumn_leaves":1,"minecraft:deepslate_tiles":2,"minecraft:red_carpet":4,"minecraft:tuff":256,"brewery:barrel_main":1,"minecraft:mossy_cobblestone":2,"minecraft:deepslate_diamond_ore":17,"minecraft:candle":1,"farmersdelight:wild_carrots":13,"minecraft:ladder":4,"gravestone:gravestone":16,"biomesoplenty:bush":18,"minecraft:allium":1,"born_in_chaos_v1:black_argillite":20,"minecraft:spruce_leaves":2,"born_in_chaos_v1:gnawed_bones":2,"minecraft:hay_block":95,"gnumus:scion_weed":1,"minecraft:oak_trapdoor":5,"minecraft:furnace":4,"biomesoplenty:toadstool":1,"minecraft:andesite":110,"treechop:chopped_log":13,"minecraft:gold_block":1,"minecraft:bookshelf":35,"minecraft:potatoes":1,"minecraft:deepslate_iron_ore":23,"minecraft:lantern":11,"brewery:barrel_right":1,"minecraft:stripped_oak_log":1,"minecraft:packed_ice":6,"biomesoplenty:barley":5,"gnumus:fragile_gnumus_jug":13,"biomesoplenty:spider_egg":1,"minecraft:stone":994,"minecraft:cherry_stairs":19,"minecraft:oak_slab":1,"biomesoplenty:redwood_planks":19,"minecraft:cherry_planks":67,"minecraft:crafting_table":12,"brewery:bench":31,"minecraft:rose_bush":1,"minecraft:sculk_sensor":4,"minecraft:campfire":4,"minecraft:copper_ore":6,"minecraft:tall_grass":11,"biomesoplenty:sprout":1,"minecraft:lapis_ore":6,"farmersdelight:wild_tomatoes":2,"minecraft:cracked_deepslate_bricks":2,"minecraft:sculk":86,"minecraft:diorite":45,"brewery:table":14,"minecraft:gray_wool":5,"biomesoplenty:redwood_slab":2,"minecraft:beehive":16,"minecraft:gray_bed":9,"minecraft:coal_ore":30,"minecraft:cherry_leaves":1,"minecraft:gravel":23,"minecraft:dripstone_block":2,"minecraft:gray_carpet":3,"minecraft:cobweb":31,"minecraft:gold_ore":6,"biomesoplenty:redwood_wood":25,"minecraft:fern":7},"minecraft:used":{"minecraft:moss_carpet":1,"minecraft:iron_shovel":231,"minecraft:ladder":4,"minecraft:diamond_hoe":162,"minecraft:shield":2,"minecraft:chest":7,"minecraft:iron_sword":555,"minecraft:mutton":1,"minecraft:carrot":26,"born_in_chaos_v1:smoked_flesh":3,"minecraft:lantern":15,"minecraft:iron_helmet":1,"born_in_chaos_v1:gnawed_bones":2,"minecraft:item_frame":1,"minecraft:hay_block":3,"minecraft:furnace":12,"minecraft:cooked_cod":7,"minecraft:gray_bed":9,"minecraft:skeleton_skull":1,"minecraft:potato":10,"minecraft:diorite":4,"minecraft:oak_planks":4,"minecraft:stone_pickaxe":226,"minecraft:gray_carpet":3,"minecraft:wooden_pickaxe":6,"beautify:hanging_pot":4,"farmersdelight:organic_compost":1,"minecraft:white_wool":2,"alexscaves:cave_book":1,"minecraft:blue_ice":1,"minecraft:black_bed":2,"waystones:waystone":1,"minecraft:bread":15,"minecraft:cherry_sign":1,"minecraft:oak_pressure_plate":1,"born_in_chaos_v1:smoked_monster_flesh":1,"brewery:bench":13,"minecraft:oak_boat":1,"minecraft:warped_button":1,"minecraft:experience_bottle":1,"minecraft:cherry_boat":1,"minecraft:oak_trapdoor":3,"biomesoplenty:redwood_planks":99,"vanillaplustools:stone_hammer":284,"minecraft:torch":71,"minecraft:dirt":120,"minecraft:brewing_stand":1,"minecraft:anvil":1,"minecraft:wooden_axe":11,"brewery:table":4,"minecraft:bookshelf":9,"biomesoplenty:redwood_wood":70,"minecraft:iron_axe":316,"minecraft:spruce_button":10,"minecraft:jungle_log":2,"biomesoplenty:redwood_boat":3,"minecraft:barrel":1,"minecraft:smooth_basalt":10,"minecraft:cooked_beef":46,"minecraft:cobbled_deepslate":64,"minecraft:enchanted_golden_apple":1,"biomesoplenty:redwood_slab":41,"minecraft:iron_leggings":1,"minecraft:cooked_mutton":9,"minecraft:water_bucket":24,"minecraft:baked_potato":1,"minecraft:cherry_planks":121,"minecraft:oak_slab":1,"minecraft:crafting_table":15,"minecraft:red_mushroom":1,"minecraft:white_bed":10,"minecraft:smoker":9,"minecraft:apple":2,"minecraft:iron_pickaxe":1135,"minecraft:stone_axe":142,"minecraft:pink_petals":17,"minecraft:potion":1,"minecraft:cobblestone":486,"minecraft:cherry_stairs":39,"minecraft:cooked_porkchop":33,"minecraft:bucket":25,"minecraft:stripped_oak_log":1,"minecraft:gray_wool":1,"minecraft:diamond_leggings":1,"minecraft:candle":3,"minecraft:smooth_stone":1},"minecraft:killed":{"born_in_chaos_v1:restless_spirit":4,"born_in_chaos_v1:zombie_lumberjack":2,"alexsmobs:froststalker":4,"minecraft:skeleton":6,"minecraft:chicken":4,"born_in_chaos_v1:skeleton_thrasher":1,"minecraft:pig":23,"gnumus:gnumus_shaman":1,"minecraft:zombie_villager":3,"gnumus:big_snout":4,"minecraft:creeper":4,"minecraft:sheep":2,"minecraft:pillager":2,"minecraft:zombie":21,"born_in_chaos_v1:dread_hound":3,"born_in_chaos_v1:corpse_fly":4,"born_in_chaos_v1:door_knight":1,"minecraft:cow":10,"born_in_chaos_v1:zombie_clown_not_despawn":2,"alexsmobs:raccoon":1,"born_in_chaos_v1:zombie_bruiser":2,"born_in_chaos_v1:maggot":17,"minecraft:horse":1,"gnumus:gnumus_hunter":1,"alexsmobs:bison":5,"born_in_chaos_v1:corpse_fish":1,"gnumus:gnumus_hunter_not_dispawn":3,"born_in_chaos_v1:swarmer":1,"born_in_chaos_v1:decrepit_skeleton":9},"minecraft:broken":{"minecraft:stone_pickaxe":1,"minecraft:iron_sword":2,"vanillaplustools:stone_hammer":2,"minecraft:iron_axe":1,"minecraft:iron_pickaxe":3,"minecraft:iron_helmet":1}},"DataVersion":3465}