{"stats":{"minecraft:broken":{"gnumus:gnumus_cutlass":1,"minecraft:stone_pickaxe":1,"minecraft:iron_sword":2,"vanillaplustools:stone_hammer":2,"minecraft:iron_axe":1,"minecraft:iron_pickaxe":3,"minecraft:iron_helmet":2},"minecraft:crafted":{"minecraft:oak_planks":64,"gnumus:grilled_juicy_meat":10,"minecraft:cooked_chicken":4,"minecraft:cherry_boat":1,"biomesoplenty:redwood_slab":42,"minecraft:bookshelf":10,"minecraft:cooked_mutton":13,"minecraft:iron_boots":2,"beautify:oak_trellis":60,"minecraft:chest":8,"minecraft:cooked_rabbit":2,"vinery:grapevine_stem":4,"minecraft:smoker":2,"sophisticatedbackpacks:backpack":1,"gnumus:gnumus_cutlass":2,"minecraft:cooked_porkchop":41,"minecraft:crafting_table":7,"minecraft:iron_helmet":2,"minecraft:wooden_pickaxe":1,"minecraft:copper_ingot":7,"gnumus:gnumus_pickaxe":1,"biomesoplenty:redwood_boat":1,"minecraft:iron_chestplate":2,"minecraft:paper":3,"minecraft:cherry_sign":3,"minecraft:shield":1,"sophisticatedbackpacks:diamond_backpack":1,"minecraft:stick":68,"born_in_chaos_v1:smoked_flesh":3,"minecraft:iron_ingot":104,"minecraft:iron_pickaxe":5,"minecraft:gold_ingot":9,"minecraft:cherry_planks":272,"minecraft:coal":27,"vanillaplustools:stone_hammer":1,"minecraft:furnace":11,"minecraft:bone_meal":24,"born_in_chaos_v1:smoked_monster_flesh":5,"minecraft:leather":4,"minecraft:iron_axe":2,"minecraft:cherry_stairs":40,"minecraft:stone_pickaxe":12,"minecraft:wheat":378,"sophisticatedbackpacks:iron_backpack":1,"minecraft:cooked_beef":56,"brewery:bench":2,"biomesoplenty:redwood_planks":416,"minecraft:iron_sword":2,"sophisticatedbackpacks:gold_backpack":1,"minecraft:stone_axe":2,"minecraft:bread":126,"minecraft:air":0,"minecraft:oak_boat":1,"minecraft:gold_nugget":9,"minecraft:wooden_axe":1,"minecraft:iron_shovel":1,"minecraft:iron_leggings":1,"minecraft:white_bed":1,"minecraft:torch":24},"minecraft:picked_up":{"brewery:table":19,"beautify:oak_trellis":32,"minecraft:chainmail_boots":1,"minecraft:anvil":3,"gnumus:gnumus_claw":30,"minecraft:lead":2,"vinery:cherry_log":6,"minecraft:enchanted_book":1,"minecraft:brewing_stand":1,"minecraft:amethyst_block":151,"born_in_chaos_v1:black_argillite":21,"minecraft:string":66,"minecraft:raw_copper":41,"minecraft:iron_leggings":1,"minecraft:armor_stand":5,"minecraft:zombie_head":3,"minecraft:experience_bottle":1,"minecraft:smooth_stone":2,"minecraft:deepslate_tiles":2,"biomesoplenty:redwood_slab":5,"minecraft:gold_nugget":8,"minecraft:cobbled_deepslate":1557,"minecraft:bucket":1,"minecraft:rose_bush":50,"minecraft:iron_boots":1,"minecraft:calcite":11,"minecraft:iron_pickaxe":3,"biomesoplenty:redwood_wood":520,"minecraft:coal_block":34,"brewery:bar_counter":3,"minecraft:furnace":4,"minecraft:beehive":16,"minecraft:stick":142,"born_in_chaos_v1:shattered_skull":1,"biomesoplenty:redwood_boat":4,"minecraft:torch":58,"minecraft:porkchop":42,"minecraft:cherry_log":87,"minecraft:pointed_dripstone":3,"minecraft:diorite":49,"minecraft:warped_button":1,"gnumus:wrapper_with_goods":1,"minecraft:rotten_flesh":69,"gnumus:gnumus_chickpeas":11,"gnumus:gnumus_cutlass":1,"minecraft:cod":4,"minecraft:snowball":2,"minecraft:cobblestone":1192,"minecraft:birch_log":2,"born_in_chaos_v1:staffof_magic_arrows":2,"minecraft:pink_petals":299,"gnumus:gnumus_doubloons":24,"brewery:beer_mug":2,"minecraft:feather":10,"minecraft:cooked_beef":3,"minecraft:cherry_planks":100,"minecraft:andesite":117,"minecraft:jungle_log":3,"gnumus:overripe_carrot":5,"minecraft:black_bed":2,"minecraft:smoker":7,"minecraft:potato":10,"biomesoplenty:fir_sapling":4,"biomesoplenty:fir_log":8,"alexsmobs:bison_fur":2,"minecraft:flint":1,"minecraft:tuff":274,"minecraft:lapis_lazuli":35,"minecraft:dirt":428,"minecraft:lantern":30,"gnumus:gnumus_pouch_2":29,"brewery:hops_seeds":12,"born_in_chaos_v1:monster_skin":3,"minecraft:bone":26,"iammusicplayer:radio_antenna":5,"minecraft:bow":2,"minecraft:wheat_seeds":15,"minecraft:raw_gold":9,"vinery:grapevine_stem":2,"minecraft:rabbit":2,"minecraft:oak_planks":112,"beautify:hanging_pot":5,"minecraft:cooked_porkchop":1,"minecraft:oak_pressure_plate":1,"minecraft:poisonous_potato":1,"sophisticatedbackpacks:iron_backpack":1,"minecraft:dark_oak_log":2,"minecraft:barrel":1,"minecraft:mossy_cobblestone":2,"minecraft:yellow_carpet":1,"brewery:cabinet":3,"minecraft:diamond":17,"gnumus:gnumus_clay":15,"waystones:waystone":3,"minecraft:blue_ice":1,"minecraft:granite":12,"minecraft:bone_meal":2,"minecraft:golden_apple":1,"minecraft:spruce_button":10,"minecraft:emerald":2,"minecraft:bread":1,"minecraft:oak_sapling":13,"born_in_chaos_v1:rotten_fish":12,"sophisticatedbackpacks:gold_backpack":2,"minecraft:charcoal":8,"minecraft:crafting_table":17,"minecraft:allium":11,"minecraft:azure_bluet":4,"minecraft:chicken":4,"minecraft:ladder":4,"minecraft:packed_ice":6,"minecraft:pink_wool":1,"minecraft:gold_block":1,"gravestone:obituary":29,"artifacts:feral_claws":1,"minecraft:oak_trapdoor":7,"minecraft:moss_carpet":1,"born_in_chaos_v1:intoxicating_decoction":1,"minecraft:item_frame":2,"minecraft:iron_shovel":2,"vinery:cherry_sapling":4,"minecraft:candle":3,"minecraft:beef":56,"born_in_chaos_v1:gnawed_bones":2,"brewery:barrel_main":5,"minecraft:poppy":1,"minecraft:sugar_cane":7,"minecraft:chest":4,"farmersdelight:golden_knife":1,"minecraft:diamond_hoe":1,"minecraft:raw_iron":84,"minecraft:cherry_stairs":19,"gnumus:juicy_meat":23,"minecraft:spruce_fence":2,"sophisticatedbackpacks:backpack":1,"farmersdelight:tomato_seeds":1,"minecraft:trident":1,"minecraft:carrot":12,"minecraft:redstone":27,"minecraft:stone_pressure_plate":1,"brewery:wall_cabinet":10,"minecraft:tnt":4,"biomesoplenty:redwood_planks":249,"gnumus:pileof_gnumus_doubloons":2,"minecraft:arrow":6,"minecraft:cooked_cod":7,"sophisticatedbackpacks:copper_backpack":1,"minecraft:pumpkin_pie":2,"minecraft:deepslate_bricks":6,"minecraft:hay_block":109,"minecraft:cracked_deepslate_bricks":2,"born_in_chaos_v1:spiny_shell":4,"minecraft:gold_ingot":11,"biomesoplenty:redwood_sapling":122,"gnumus:gnumus_pouch_3":3,"gnumus:mouse_skin":22,"minecraft:mutton":9,"minecraft:skeleton_skull":6,"minecraft:white_wool":1,"minecraft:oxeye_daisy":2,"minecraft:cracked_deepslate_tiles":1,"minecraft:stripped_oak_log":1,"born_in_chaos_v1:corpse_maggot":11,"born_in_chaos_v1:monster_flesh":5,"minecraft:leather":23,"minecraft:red_mushroom":1,"gnumus:gnumus_pouch":30,"minecraft:oak_log":43,"minecraft:chainmail_chestplate":1,"brewery:bench":38,"minecraft:gunpowder":11,"artifacts:cloud_in_a_bottle":1,"gnumus:gnumus_pickaxe":1,"minecraft:paper":4,"farmersdelight:organic_compost":1,"minecraft:red_carpet":4,"minecraft:apple":16,"minecraft:gray_carpet":3,"gnumus:gnumus_horn":4,"artifacts:whoopee_cushion":2,"minecraft:rabbit_hide":2,"minecraft:iron_ingot":86,"minecraft:cooked_chicken":1,"minecraft:gray_bed":20,"minecraft:iron_sword":3,"minecraft:book":104,"minecraft:oak_slab":1,"minecraft:smooth_basalt":18,"minecraft:sweet_berries":1,"vinery:taiga_grape_seeds_red":2,"born_in_chaos_v1:ethereal_spirit":8,"minecraft:dandelion":5,"minecraft:dripstone_block":2,"minecraft:gravel":32,"minecraft:amethyst_shard":40,"gnumus:gnumus_cheese":6,"minecraft:white_bed":13,"gnumus:hearty_dinner":2,"biomesoplenty:maple_sapling":4,"vanillaplustools:stone_hammer":1,"minecraft:cherry_sapling":52,"minecraft:gray_wool":5,"minecraft:damaged_anvil":2,"minecraft:baked_potato":1,"minecraft:coal":333,"minecraft:ender_pearl":1},"minecraft:custom":{"minecraft:interact_with_crafting_table":80,"minecraft:open_barrel":35,"minecraft:eat_cake_slice":1,"minecraft:leave_game":12,"minecraft:time_since_death":60282,"minecraft:damage_resisted":34,"minecraft:sprint_one_cm":1844820,"minecraft:damage_blocked_by_shield":1155,"minecraft:drop":242,"minecraft:talked_to_villager":2,"minecraft:play_time":576646,"minecraft:deaths":19,"minecraft:jump":12134,"minecraft:interact_with_brewingstand":4,"minecraft:walk_on_water_one_cm":56316,"minecraft:interact_with_furnace":62,"minecraft:interact_with_loom":1,"minecraft:sleep_in_bed":25,"minecraft:waystone_activated":4,"minecraft:damage_dealt":38749,"minecraft:player_kills":1,"minecraft:crouch_one_cm":190796,"minecraft:interact_with_smoker":70,"minecraft:interact_with_anvil":1,"minecraft:mob_kills":209,"minecraft:damage_dealt_resisted":1648,"minecraft:climb_one_cm":7623,"minecraft:walk_one_cm":1169863,"minecraft:damage_dealt_absorbed":129,"minecraft:sneak_time":40069,"minecraft:walk_under_water_one_cm":38790,"minecraft:boat_one_cm":253395,"minecraft:total_world_time":576646,"minecraft:interact_with_grindstone":1,"minecraft:time_since_rest":3010,"minecraft:damage_taken":16436,"minecraft:damage_absorbed":120,"minecraft:swim_one_cm":135736,"minecraft:fly_one_cm":2159218,"minecraft:open_chest":197,"minecraft:fall_one_cm":414798},"minecraft:dropped":{"minecraft:iron_sword":1,"minecraft:cooked_beef":8,"minecraft:glass_bottle":1,"minecraft:crafting_table":1,"minecraft:cooked_porkchop":2,"artifacts:cloud_in_a_bottle":1,"minecraft:leather":1,"minecraft:item_frame":1,"gnumus:gnumus_pickaxe":1,"gnumus:mouse_skin":3,"biomesoplenty:fir_sapling":2,"minecraft:cod":3,"minecraft:flint":1,"minecraft:emerald":1,"minecraft:dirt":22,"minecraft:packed_ice":4,"born_in_chaos_v1:monster_skin":1,"minecraft:cracked_deepslate_tiles":1,"gravestone:obituary":37,"minecraft:bone_meal":1,"minecraft:iron_pickaxe":1,"minecraft:birch_log":2,"minecraft:bone":4,"minecraft:gravel":28,"minecraft:stone_axe":1,"vinery:taiga_grape_seeds_red":2,"minecraft:cobbled_deepslate":1038,"biomesoplenty:redwood_sapling":61,"brewery:barrel_main":1,"born_in_chaos_v1:ethereal_spirit":4,"vinery:cherry_sapling":2,"minecraft:cherry_sapling":17,"minecraft:rotten_flesh":37,"minecraft:oak_planks":126,"minecraft:cooked_mutton":4,"minecraft:azure_bluet":1,"minecraft:white_bed":2,"minecraft:chainmail_chestplate":1,"minecraft:poppy":1,"minecraft:deepslate_tiles":2,"minecraft:gunpowder":1,"minecraft:charcoal":8,"minecraft:chainmail_boots":1,"minecraft:arrow":1,"minecraft:golden_boots":1,"farmersdelight:tomato_seeds":1,"minecraft:iron_ingot":80,"minecraft:bread":25,"minecraft:wheat_seeds":11,"minecraft:cherry_log":2,"minecraft:tnt":2,"minecraft:mossy_cobblestone":2,"biomesoplenty:redwood_boat":1,"minecraft:feather":3,"biomesoplenty:maple_sapling":4,"minecraft:cobblestone":345,"artifacts:whoopee_cushion":1,"minecraft:amethyst_block":62,"minecraft:granite":11,"minecraft:copper_ingot":7,"minecraft:coal":1,"minecraft:yellow_carpet":1,"minecraft:stick":61,"minecraft:oxeye_daisy":2,"minecraft:cherry_sign":2,"born_in_chaos_v1:black_argillite":20,"minecraft:diorite":2,"brewery:wall_cabinet":3,"minecraft:gray_bed":1,"minecraft:rose_bush":1,"minecraft:cherry_planks":19,"minecraft:iron_leggings":2,"minecraft:smooth_stone":1,"minecraft:paper":3,"minecraft:iron_shovel":1,"minecraft:string":5,"minecraft:pink_petals":227,"minecraft:furnace":1,"minecraft:sweet_berries":1,"minecraft:oak_trapdoor":2,"minecraft:raw_copper":17,"minecraft:tuff":215,"biomesoplenty:redwood_planks":121,"iammusicplayer:radio_antenna":4,"minecraft:iron_boots":2,"minecraft:deepslate_bricks":6,"gnumus:gnumus_clay":5,"minecraft:allium":10,"minecraft:iron_chestplate":1,"minecraft:andesite":116,"gnumus:gnumus_chickpeas":8,"minecraft:oak_sapling":9,"brewery:hops_seeds":6,"vinery:grapevine_stem":4,"minecraft:stone_pickaxe":1,"minecraft:raw_gold":1,"minecraft:cracked_deepslate_bricks":2},"minecraft:killed_by":{"alexsmobs:froststalker":1,"born_in_chaos_v1:zombie_bruiser":1,"minecraft:cave_spider":1,"born_in_chaos_v1:siamese_skeletons":1,"minecraft:zombie":1,"minecraft:player":2,"born_in_chaos_v1:baby_skeleton_minion":1,"gnumus:gnumus_hunter_not_dispawn":2,"minecraft:warden":2,"minecraft:skeleton":2,"born_in_chaos_v1:missioner":1},"minecraft:killed":{"born_in_chaos_v1:restless_spirit":4,"born_in_chaos_v1:zombie_lumberjack":5,"minecraft:spider":7,"alexsmobs:froststalker":4,"minecraft:skeleton":13,"minecraft:chicken":4,"gnumus:pitcher_mousse":2,"born_in_chaos_v1:skeleton_thrasher":1,"artifacts:mimic":1,"gnumus:gnumus_shaman":2,"born_in_chaos_v1:bonescaller":1,"minecraft:pig":23,"minecraft:zombie_villager":3,"gnumus:big_snout":4,"minecraft:creeper":6,"minecraft:sheep":2,"minecraft:pillager":2,"minecraft:zombie":26,"born_in_chaos_v1:dread_hound":4,"born_in_chaos_v1:corpse_fly":4,"born_in_chaos_v1:door_knight":1,"minecraft:cow":10,"born_in_chaos_v1:zombie_clown_not_despawn":2,"alexsmobs:raccoon":1,"alexsmobs:tasmanian_devil":1,"born_in_chaos_v1:thornshell_crab":1,"born_in_chaos_v1:zombie_bruiser":2,"born_in_chaos_v1:maggot":18,"minecraft:horse":1,"gnumus:gnumus_worker":6,"gnumus:gnumus_hunter":6,"alexsmobs:bison":5,"minecraft:drowned":3,"born_in_chaos_v1:corpse_fish":5,"gnumus:gnumus_hunter_not_dispawn":12,"born_in_chaos_v1:swarmer":1,"born_in_chaos_v1:decrepit_skeleton":11,"gnumus:gnumus_merchant":1,"alexsmobs:crow":1},"minecraft:mined":{"minecraft:large_amethyst_bud":1,"minecraft:stone_pressure_plate":1,"minecraft:white_bed":11,"minecraft:sculk_vein":6,"minecraft:cobblestone_stairs":3,"sophisticatedbackpacks:gold_backpack":1,"minecraft:brewing_stand":1,"minecraft:granite":11,"vinery:taiga_grape_bush_red":1,"minecraft:grass_block":284,"minecraft:yellow_carpet":1,"minecraft:jungle_log":1,"brewery:bar_counter":3,"minecraft:oak_pressure_plate":1,"minecraft:coal_block":35,"minecraft:deepslate_bricks":6,"brewery:beer_hops":6,"minecraft:spawner":1,"minecraft:smooth_stone":1,"brewery:wall_cabinet":7,"minecraft:iron_ore":49,"minecraft:barrel":1,"minecraft:cobbled_deepslate":8,"minecraft:anvil":2,"minecraft:azure_bluet":2,"minecraft:sculk_shrieker":12,"vinery:taiga_grape_bush_white":1,"minecraft:pointed_dripstone":4,"biomesoplenty:webbing":4,"minecraft:deepslate_redstone_ore":6,"brewery:wild_hops":3,"farmersdelight:organic_compost":1,"minecraft:smoker":6,"minecraft:amethyst_cluster":6,"minecraft:powder_snow":8,"minecraft:torch":27,"minecraft:calcite":1,"beautify:hanging_pot":5,"minecraft:chest":4,"beautify:oak_trellis":32,"minecraft:cobblestone":119,"minecraft:damaged_anvil":1,"minecraft:sugar_cane":3,"minecraft:wall_torch":27,"minecraft:amethyst_block":14,"minecraft:pink_petals":49,"minecraft:skeleton_skull":2,"minecraft:tnt":2,"minecraft:black_bed":2,"minecraft:grass":83,"minecraft:cracked_deepslate_tiles":1,"biomesoplenty:clover":9,"minecraft:oak_log":4,"brewery:beer_mug":2,"minecraft:dirt":63,"minecraft:smooth_basalt":1,"brewery:cabinet":3,"minecraft:oak_leaves":41,"minecraft:deepslate":1433,"biomesoplenty:orange_autumn_leaves":1,"minecraft:deepslate_tiles":2,"minecraft:tuff":256,"minecraft:red_carpet":4,"brewery:barrel_main":2,"minecraft:mossy_cobblestone":2,"minecraft:deepslate_diamond_ore":17,"minecraft:candle":1,"farmersdelight:wild_carrots":13,"gravestone:gravestone":18,"minecraft:ladder":4,"biomesoplenty:bush":18,"minecraft:allium":2,"minecraft:spruce_fence":2,"born_in_chaos_v1:black_argillite":21,"minecraft:spruce_leaves":2,"born_in_chaos_v1:gnawed_bones":2,"minecraft:hay_block":109,"minecraft:oak_trapdoor":5,"gnumus:scion_weed":1,"minecraft:furnace":4,"biomesoplenty:toadstool":1,"minecraft:andesite":111,"treechop:chopped_log":16,"minecraft:gold_block":1,"minecraft:bookshelf":35,"minecraft:potatoes":1,"minecraft:deepslate_iron_ore":30,"minecraft:lantern":11,"minecraft:stripped_oak_log":1,"brewery:barrel_right":2,"minecraft:packed_ice":6,"vinery:grapevine_stem":2,"biomesoplenty:barley":5,"gnumus:fragile_gnumus_jug":30,"minecraft:stone":999,"biomesoplenty:spider_egg":1,"minecraft:cherry_stairs":19,"minecraft:white_wool":1,"minecraft:oak_slab":1,"biomesoplenty:redwood_planks":20,"minecraft:cherry_planks":67,"minecraft:brown_carpet":1,"minecraft:crafting_table":17,"brewery:bench":38,"minecraft:rose_bush":2,"minecraft:sculk_sensor":4,"minecraft:campfire":4,"minecraft:copper_ore":6,"minecraft:tall_grass":13,"biomesoplenty:huge_clover_petal":1,"minecraft:lapis_ore":6,"biomesoplenty:sprout":1,"farmersdelight:wild_tomatoes":2,"minecraft:cracked_deepslate_bricks":2,"minecraft:sculk":86,"minecraft:diorite":46,"brewery:table":19,"minecraft:gray_wool":5,"biomesoplenty:redwood_slab":2,"minecraft:beehive":16,"minecraft:gray_bed":18,"minecraft:birch_leaves":2,"minecraft:coal_ore":30,"minecraft:cherry_leaves":1,"minecraft:gravel":23,"minecraft:dripstone_block":2,"minecraft:gray_carpet":3,"minecraft:cobweb":31,"minecraft:gold_ore":6,"biomesoplenty:redwood_wood":25,"minecraft:fern":7},"minecraft:used":{"minecraft:moss_carpet":1,"minecraft:iron_shovel":242,"minecraft:ladder":4,"minecraft:diamond_hoe":175,"minecraft:shield":22,"minecraft:chest":9,"minecraft:iron_sword":843,"minecraft:iron_chestplate":12,"minecraft:mutton":1,"minecraft:carrot":26,"minecraft:azure_bluet":1,"born_in_chaos_v1:smoked_flesh":3,"minecraft:lantern":16,"minecraft:iron_helmet":1,"born_in_chaos_v1:gnawed_bones":2,"minecraft:item_frame":1,"minecraft:hay_block":3,"minecraft:furnace":12,"minecraft:cooked_cod":7,"minecraft:gray_bed":18,"minecraft:skeleton_skull":2,"minecraft:potato":10,"gnumus:grilled_juicy_meat":1,"minecraft:golden_boots":3,"minecraft:oak_planks":4,"minecraft:stone_pickaxe":226,"minecraft:diorite":4,"minecraft:gray_carpet":3,"brewery:cabinet":3,"minecraft:wooden_pickaxe":6,"minecraft:sugar_cane":3,"beautify:hanging_pot":4,"farmersdelight:organic_compost":1,"minecraft:white_wool":2,"brewery:barrel_main":4,"alexscaves:cave_book":1,"minecraft:blue_ice":1,"gnumus:gnumus_cutlass":13,"gnumus:gnumus_pickaxe":3,"minecraft:black_bed":2,"waystones:waystone":2,"minecraft:bread":93,"minecraft:cherry_sign":1,"minecraft:oak_pressure_plate":1,"born_in_chaos_v1:smoked_monster_flesh":1,"brewery:bench":40,"minecraft:oak_boat":1,"minecraft:warped_button":1,"minecraft:bone_meal":24,"minecraft:experience_bottle":1,"minecraft:cherry_boat":1,"minecraft:oak_trapdoor":3,"minecraft:trident":1,"minecraft:rose_bush":1,"minecraft:armor_stand":4,"biomesoplenty:redwood_planks":119,"born_in_chaos_v1:black_argillite":1,"vanillaplustools:stone_hammer":284,"minecraft:cooked_chicken":1,"minecraft:torch":75,"minecraft:dirt":121,"minecraft:brewing_stand":1,"minecraft:anvil":1,"minecraft:granite":1,"minecraft:spruce_fence":2,"beautify:oak_trellis":64,"minecraft:wooden_axe":11,"brewery:table":19,"minecraft:bookshelf":9,"brewery:bar_counter":3,"minecraft:iron_axe":397,"biomesoplenty:redwood_wood":70,"minecraft:spruce_button":10,"minecraft:jungle_log":2,"minecraft:iron_boots":2,"vinery:grapevine_stem":1,"biomesoplenty:redwood_boat":3,"minecraft:barrel":1,"minecraft:smooth_basalt":11,"minecraft:pointed_dripstone":3,"brewery:wall_cabinet":7,"minecraft:calcite":1,"minecraft:cooked_beef":50,"minecraft:cobbled_deepslate":67,"biomesoplenty:redwood_slab":41,"minecraft:enchanted_golden_apple":1,"sophisticatedbackpacks:gold_backpack":1,"minecraft:iron_leggings":1,"minecraft:cooked_mutton":9,"minecraft:water_bucket":32,"minecraft:baked_potato":1,"minecraft:cherry_planks":121,"minecraft:crafting_table":21,"minecraft:oak_slab":1,"minecraft:red_mushroom":1,"minecraft:white_bed":10,"minecraft:smoker":9,"minecraft:apple":2,"minecraft:iron_pickaxe":1219,"minecraft:stone_axe":142,"minecraft:pink_petals":45,"brewery:beer_mug":2,"minecraft:cherry_stairs":39,"minecraft:cobblestone":520,"minecraft:potion":1,"minecraft:cooked_porkchop":33,"minecraft:bucket":33,"minecraft:stripped_oak_log":1,"beachparty:rubber_ring_pelican":13,"minecraft:gray_wool":1,"minecraft:diamond_leggings":1,"minecraft:candle":3,"minecraft:smooth_stone":1}},"DataVersion":3465}