{"stats":{"minecraft:custom":{"minecraft:interact_with_crafting_table":54,"minecraft:open_barrel":25,"minecraft:leave_game":7,"minecraft:time_since_death":28716,"minecraft:damage_resisted":34,"minecraft:sprint_one_cm":889361,"minecraft:drop":168,"minecraft:talked_to_villager":1,"minecraft:play_time":335964,"minecraft:deaths":14,"minecraft:jump":6436,"minecraft:interact_with_brewingstand":3,"minecraft:walk_on_water_one_cm":21606,"minecraft:interact_with_furnace":57,"minecraft:interact_with_loom":1,"minecraft:sleep_in_bed":10,"minecraft:damage_dealt":19115,"minecraft:player_kills":1,"minecraft:crouch_one_cm":180006,"minecraft:interact_with_smoker":51,"minecraft:mob_kills":106,"minecraft:damage_dealt_resisted":1106,"minecraft:climb_one_cm":4273,"minecraft:walk_one_cm":704331,"minecraft:sneak_time":37298,"minecraft:walk_under_water_one_cm":11247,"minecraft:boat_one_cm":165105,"minecraft:total_world_time":335964,"minecraft:interact_with_grindstone":1,"minecraft:time_since_rest":4606,"minecraft:damage_taken":8524,"minecraft:damage_absorbed":120,"minecraft:swim_one_cm":29346,"minecraft:fly_one_cm":1006704,"minecraft:open_chest":85,"minecraft:fall_one_cm":210219},"minecraft:used":{"minecraft:moss_carpet":1,"minecraft:iron_shovel":97,"minecraft:ladder":4,"minecraft:diamond_hoe":99,"minecraft:chest":7,"minecraft:iron_sword":383,"minecraft:mutton":1,"minecraft:carrot":11,"born_in_chaos_v1:smoked_flesh":3,"born_in_chaos_v1:gnawed_bones":1,"minecraft:item_frame":1,"minecraft:hay_block":3,"minecraft:furnace":11,"minecraft:cooked_cod":7,"minecraft:gray_bed":6,"minecraft:skeleton_skull":1,"minecraft:diorite":4,"minecraft:oak_planks":4,"minecraft:stone_pickaxe":226,"minecraft:gray_carpet":3,"minecraft:wooden_pickaxe":6,"farmersdelight:organic_compost":1,"minecraft:white_wool":2,"alexscaves:cave_book":1,"minecraft:blue_ice":1,"minecraft:black_bed":2,"minecraft:bread":2,"minecraft:cherry_sign":1,"minecraft:oak_pressure_plate":1,"born_in_chaos_v1:smoked_monster_flesh":1,"brewery:bench":4,"minecraft:oak_boat":1,"minecraft:cherry_boat":1,"minecraft:oak_trapdoor":3,"biomesoplenty:redwood_planks":96,"vanillaplustools:stone_hammer":284,"minecraft:torch":66,"minecraft:dirt":21,"minecraft:wooden_axe":11,"biomesoplenty:redwood_wood":70,"minecraft:iron_axe":219,"minecraft:spruce_button":4,"minecraft:jungle_log":2,"minecraft:barrel":1,"minecraft:smooth_basalt":10,"minecraft:cooked_beef":41,"minecraft:cobbled_deepslate":64,"minecraft:enchanted_golden_apple":1,"biomesoplenty:redwood_slab":37,"minecraft:iron_leggings":1,"minecraft:cooked_mutton":9,"minecraft:water_bucket":7,"minecraft:baked_potato":1,"minecraft:cherry_planks":114,"minecraft:crafting_table":12,"minecraft:red_mushroom":1,"minecraft:white_bed":6,"minecraft:smoker":9,"minecraft:apple":2,"minecraft:iron_pickaxe":1058,"minecraft:stone_axe":142,"minecraft:pink_petals":3,"minecraft:potion":1,"minecraft:cobblestone":380,"minecraft:cherry_stairs":39,"minecraft:cooked_porkchop":4,"minecraft:bucket":8,"minecraft:stripped_oak_log":1,"minecraft:gray_wool":1,"minecraft:diamond_leggings":1,"minecraft:candle":3,"minecraft:smooth_stone":1},"minecraft:killed":{"born_in_chaos_v1:restless_spirit":2,"born_in_chaos_v1:zombie_lumberjack":2,"alexsmobs:froststalker":4,"minecraft:skeleton":4,"minecraft:chicken":4,"gnumus:gnumus_shaman":1,"minecraft:pig":20,"minecraft:zombie_villager":3,"gnumus:big_snout":4,"minecraft:creeper":1,"minecraft:sheep":2,"minecraft:pillager":2,"minecraft:zombie":16,"born_in_chaos_v1:dread_hound":2,"born_in_chaos_v1:door_knight":1,"minecraft:cow":6,"born_in_chaos_v1:zombie_clown_not_despawn":1,"alexsmobs:raccoon":1,"born_in_chaos_v1:zombie_bruiser":2,"born_in_chaos_v1:maggot":10,"minecraft:horse":1,"alexsmobs:bison":5,"born_in_chaos_v1:corpse_fish":1,"gnumus:gnumus_hunter_not_dispawn":3,"born_in_chaos_v1:decrepit_skeleton":6},"minecraft:dropped":{"minecraft:glass_bottle":1,"minecraft:crafting_table":1,"minecraft:cooked_porkchop":2,"artifacts:cloud_in_a_bottle":1,"gnumus:gnumus_pickaxe":1,"gnumus:mouse_skin":3,"minecraft:cod":3,"minecraft:flint":1,"minecraft:emerald":1,"minecraft:dirt":15,"minecraft:packed_ice":4,"born_in_chaos_v1:monster_skin":1,"minecraft:cracked_deepslate_tiles":1,"gravestone:obituary":29,"minecraft:bone_meal":1,"minecraft:bone":3,"minecraft:gravel":28,"minecraft:stone_axe":1,"vinery:taiga_grape_seeds_red":2,"minecraft:cobbled_deepslate":1038,"born_in_chaos_v1:ethereal_spirit":4,"minecraft:cherry_sapling":1,"minecraft:rotten_flesh":21,"minecraft:oak_planks":126,"minecraft:deepslate_tiles":2,"minecraft:charcoal":8,"minecraft:arrow":1,"farmersdelight:tomato_seeds":1,"minecraft:iron_ingot":80,"minecraft:wheat_seeds":7,"minecraft:mossy_cobblestone":2,"minecraft:cobblestone":345,"minecraft:amethyst_block":62,"minecraft:granite":11,"minecraft:copper_ingot":7,"minecraft:yellow_carpet":1,"minecraft:coal":1,"minecraft:stick":55,"minecraft:cherry_sign":2,"born_in_chaos_v1:black_argillite":20,"minecraft:diorite":2,"minecraft:gray_bed":1,"minecraft:rose_bush":1,"minecraft:cherry_planks":19,"minecraft:iron_leggings":2,"minecraft:smooth_stone":1,"minecraft:string":5,"minecraft:pink_petals":173,"minecraft:furnace":1,"minecraft:oak_trapdoor":2,"minecraft:raw_copper":14,"minecraft:tuff":215,"biomesoplenty:redwood_planks":73,"iammusicplayer:radio_antenna":4,"minecraft:deepslate_bricks":6,"minecraft:andesite":115,"gnumus:gnumus_chickpeas":6,"minecraft:oak_sapling":5,"minecraft:stone_pickaxe":1,"minecraft:raw_gold":1,"minecraft:cracked_deepslate_bricks":2},"minecraft:mined":{"minecraft:stone_pressure_plate":1,"minecraft:white_bed":6,"minecraft:cobblestone_stairs":3,"minecraft:sculk_vein":6,"minecraft:brewing_stand":1,"minecraft:granite":10,"vinery:taiga_grape_bush_red":1,"minecraft:grass_block":131,"minecraft:yellow_carpet":1,"minecraft:jungle_log":1,"minecraft:oak_pressure_plate":1,"minecraft:deepslate_bricks":6,"minecraft:coal_block":24,"minecraft:spawner":1,"minecraft:smooth_stone":1,"minecraft:iron_ore":22,"minecraft:cobbled_deepslate":8,"minecraft:barrel":1,"minecraft:azure_bluet":1,"minecraft:sculk_shrieker":12,"minecraft:pointed_dripstone":1,"biomesoplenty:webbing":4,"minecraft:deepslate_redstone_ore":6,"brewery:wild_hops":3,"farmersdelight:organic_compost":1,"minecraft:smoker":6,"minecraft:powder_snow":8,"minecraft:torch":23,"minecraft:chest":2,"minecraft:cobblestone":90,"minecraft:wall_torch":25,"minecraft:skeleton_skull":1,"minecraft:pink_petals":29,"minecraft:black_bed":2,"minecraft:tnt":1,"minecraft:grass":40,"minecraft:cracked_deepslate_tiles":1,"biomesoplenty:clover":2,"minecraft:oak_log":3,"minecraft:dirt":21,"minecraft:oak_leaves":26,"minecraft:deepslate":1429,"minecraft:deepslate_tiles":2,"minecraft:red_carpet":4,"minecraft:tuff":256,"minecraft:mossy_cobblestone":2,"minecraft:deepslate_diamond_ore":17,"minecraft:candle":1,"farmersdelight:wild_carrots":13,"minecraft:ladder":4,"gravestone:gravestone":14,"biomesoplenty:bush":5,"minecraft:allium":1,"born_in_chaos_v1:black_argillite":20,"minecraft:spruce_leaves":2,"born_in_chaos_v1:gnawed_bones":1,"minecraft:hay_block":68,"gnumus:scion_weed":1,"minecraft:oak_trapdoor":5,"minecraft:furnace":4,"biomesoplenty:toadstool":1,"minecraft:andesite":110,"treechop:chopped_log":13,"minecraft:gold_block":1,"minecraft:bookshelf":35,"minecraft:deepslate_iron_ore":23,"minecraft:stripped_oak_log":1,"minecraft:packed_ice":6,"biomesoplenty:barley":5,"gnumus:fragile_gnumus_jug":11,"biomesoplenty:spider_egg":1,"minecraft:stone":978,"minecraft:cherry_stairs":19,"biomesoplenty:redwood_planks":19,"minecraft:cherry_planks":66,"minecraft:crafting_table":9,"brewery:bench":2,"minecraft:rose_bush":1,"minecraft:sculk_sensor":4,"minecraft:campfire":4,"minecraft:tall_grass":7,"minecraft:copper_ore":6,"farmersdelight:wild_tomatoes":2,"minecraft:lapis_ore":6,"minecraft:cracked_deepslate_bricks":2,"minecraft:sculk":86,"minecraft:diorite":45,"minecraft:gray_wool":5,"biomesoplenty:redwood_slab":1,"minecraft:beehive":4,"minecraft:gray_bed":6,"minecraft:coal_ore":28,"minecraft:cherry_leaves":1,"minecraft:gravel":23,"minecraft:dripstone_block":2,"minecraft:gray_carpet":3,"minecraft:cobweb":5,"minecraft:gold_ore":6,"biomesoplenty:redwood_wood":25,"minecraft:fern":5},"minecraft:broken":{"minecraft:stone_pickaxe":1,"minecraft:iron_sword":1,"vanillaplustools:stone_hammer":2,"minecraft:iron_pickaxe":3},"minecraft:crafted":{"minecraft:oak_planks":56,"minecraft:cooked_chicken":4,"biomesoplenty:redwood_slab":42,"minecraft:cherry_boat":1,"minecraft:cooked_mutton":9,"minecraft:iron_boots":1,"minecraft:chest":6,"minecraft:smoker":2,"sophisticatedbackpacks:backpack":1,"minecraft:cooked_porkchop":12,"minecraft:crafting_table":5,"minecraft:wooden_pickaxe":1,"minecraft:iron_helmet":1,"minecraft:copper_ingot":7,"minecraft:iron_chestplate":1,"minecraft:cherry_sign":3,"minecraft:stick":52,"born_in_chaos_v1:smoked_flesh":3,"minecraft:iron_ingot":103,"minecraft:iron_pickaxe":5,"minecraft:cherry_planks":272,"vanillaplustools:stone_hammer":1,"minecraft:furnace":10,"born_in_chaos_v1:smoked_monster_flesh":1,"minecraft:leather":4,"minecraft:iron_axe":1,"minecraft:cherry_stairs":40,"minecraft:stone_pickaxe":12,"sophisticatedbackpacks:iron_backpack":1,"minecraft:cooked_beef":45,"brewery:bench":2,"biomesoplenty:redwood_planks":140,"minecraft:iron_sword":2,"minecraft:stone_axe":2,"minecraft:air":0,"minecraft:oak_boat":1,"minecraft:wooden_axe":1,"minecraft:iron_shovel":1,"minecraft:iron_leggings":1,"minecraft:white_bed":1,"minecraft:torch":16},"minecraft:killed_by":{"alexsmobs:froststalker":1,"minecraft:cave_spider":1,"minecraft:zombie":1,"minecraft:player":2,"gnumus:gnumus_hunter_not_dispawn":1,"minecraft:warden":2,"minecraft:skeleton":1,"born_in_chaos_v1:missioner":1},"minecraft:picked_up":{"gnumus:gnumus_claw":11,"minecraft:lead":2,"vinery:cherry_log":6,"minecraft:brewing_stand":1,"minecraft:amethyst_block":124,"born_in_chaos_v1:black_argillite":20,"minecraft:string":26,"minecraft:raw_copper":34,"minecraft:iron_leggings":1,"minecraft:experience_bottle":1,"minecraft:deepslate_tiles":2,"biomesoplenty:redwood_slab":1,"minecraft:cobbled_deepslate":1552,"minecraft:smooth_stone":2,"minecraft:bucket":1,"minecraft:rose_bush":1,"minecraft:calcite":10,"biomesoplenty:redwood_wood":520,"minecraft:coal_block":23,"minecraft:furnace":4,"minecraft:beehive":4,"minecraft:stick":134,"minecraft:torch":50,"minecraft:porkchop":36,"minecraft:cherry_log":85,"minecraft:diorite":48,"minecraft:rotten_flesh":43,"gnumus:gnumus_chickpeas":6,"minecraft:cod":4,"minecraft:snowball":2,"minecraft:cobblestone":1142,"minecraft:pink_petals":169,"gnumus:gnumus_doubloons":9,"minecraft:feather":7,"minecraft:cherry_planks":96,"minecraft:andesite":115,"minecraft:jungle_log":3,"gnumus:overripe_carrot":5,"minecraft:black_bed":2,"minecraft:smoker":7,"minecraft:potato":9,"biomesoplenty:fir_sapling":2,"biomesoplenty:fir_log":8,"alexsmobs:bison_fur":2,"minecraft:flint":1,"minecraft:tuff":274,"minecraft:lantern":10,"minecraft:lapis_lazuli":35,"minecraft:dirt":189,"gnumus:gnumus_pouch_2":3,"brewery:hops_seeds":6,"born_in_chaos_v1:monster_skin":3,"minecraft:bone":11,"iammusicplayer:radio_antenna":5,"minecraft:bow":1,"minecraft:wheat_seeds":9,"minecraft:raw_gold":7,"minecraft:rabbit":2,"minecraft:oak_planks":112,"minecraft:cooked_porkchop":1,"minecraft:oak_pressure_plate":1,"minecraft:poisonous_potato":1,"minecraft:dark_oak_log":2,"minecraft:barrel":1,"minecraft:mossy_cobblestone":2,"minecraft:yellow_carpet":1,"minecraft:diamond":17,"gnumus:gnumus_clay":5,"waystones:waystone":1,"minecraft:blue_ice":1,"minecraft:granite":11,"minecraft:bone_meal":1,"minecraft:spruce_button":4,"minecraft:emerald":2,"minecraft:oak_sapling":5,"minecraft:charcoal":8,"minecraft:crafting_table":9,"minecraft:chicken":4,"minecraft:ladder":4,"minecraft:packed_ice":6,"minecraft:pink_wool":1,"minecraft:gold_block":1,"gravestone:obituary":26,"minecraft:oak_trapdoor":7,"minecraft:moss_carpet":1,"minecraft:item_frame":1,"vinery:cherry_sapling":2,"minecraft:candle":3,"minecraft:beef":48,"born_in_chaos_v1:gnawed_bones":1,"minecraft:sugar_cane":1,"minecraft:chest":2,"minecraft:raw_iron":45,"minecraft:cherry_stairs":19,"gnumus:juicy_meat":22,"sophisticatedbackpacks:backpack":1,"farmersdelight:tomato_seeds":1,"minecraft:carrot":12,"minecraft:redstone":27,"minecraft:stone_pressure_plate":1,"minecraft:tnt":1,"biomesoplenty:redwood_planks":92,"minecraft:arrow":1,"minecraft:cooked_cod":7,"minecraft:pumpkin_pie":2,"minecraft:deepslate_bricks":6,"minecraft:hay_block":68,"minecraft:cracked_deepslate_bricks":2,"minecraft:gold_ingot":2,"biomesoplenty:redwood_sapling":61,"gnumus:gnumus_pouch_3":1,"gnumus:mouse_skin":22,"minecraft:mutton":9,"minecraft:skeleton_skull":1,"minecraft:white_wool":1,"minecraft:cracked_deepslate_tiles":1,"minecraft:stripped_oak_log":1,"born_in_chaos_v1:corpse_maggot":5,"born_in_chaos_v1:monster_flesh":5,"minecraft:leather":15,"minecraft:red_mushroom":1,"minecraft:oak_log":14,"brewery:bench":2,"minecraft:gunpowder":4,"artifacts:cloud_in_a_bottle":1,"gnumus:gnumus_pickaxe":1,"farmersdelight:organic_compost":1,"minecraft:red_carpet":4,"minecraft:apple":3,"minecraft:gray_carpet":3,"minecraft:rabbit_hide":1,"minecraft:iron_ingot":80,"minecraft:gray_bed":7,"minecraft:iron_sword":1,"minecraft:book":104,"minecraft:smooth_basalt":17,"vinery:taiga_grape_seeds_red":2,"born_in_chaos_v1:ethereal_spirit":5,"minecraft:dripstone_block":2,"minecraft:gravel":32,"gnumus:gnumus_cheese":4,"minecraft:white_bed":6,"minecraft:cherry_sapling":34,"minecraft:gray_wool":5,"minecraft:baked_potato":1,"minecraft:coal":331}},"DataVersion":3465}