{"stats":{"minecraft:killed_by":{"alexsmobs:froststalker":1,"minecraft:player":2,"minecraft:warden":2,"minecraft:cave_spider":1,"minecraft:skeleton":1,"minecraft:zombie":1},"minecraft:crafted":{"minecraft:cherry_planks":108,"minecraft:oak_planks":48,"vanillaplustools:stone_hammer":1,"minecraft:cooked_chicken":4,"minecraft:furnace":10,"minecraft:cherry_boat":1,"born_in_chaos_v1:smoked_monster_flesh":1,"minecraft:cooked_mutton":9,"minecraft:iron_boots":1,"minecraft:leather":4,"minecraft:iron_axe":1,"minecraft:stone_pickaxe":12,"minecraft:chest":1,"sophisticatedbackpacks:iron_backpack":1,"minecraft:smoker":2,"minecraft:cooked_beef":45,"minecraft:cooked_porkchop":12,"sophisticatedbackpacks:backpack":1,"minecraft:crafting_table":4,"minecraft:iron_helmet":1,"minecraft:wooden_pickaxe":1,"minecraft:iron_sword":1,"minecraft:copper_ingot":7,"minecraft:stone_axe":2,"minecraft:air":0,"minecraft:iron_chestplate":1,"minecraft:cherry_sign":3,"born_in_chaos_v1:smoked_flesh":3,"minecraft:stick":44,"minecraft:iron_ingot":95,"minecraft:iron_pickaxe":5,"minecraft:wooden_axe":1,"minecraft:iron_leggings":1,"minecraft:white_bed":1,"minecraft:torch":16},"minecraft:dropped":{"farmersdelight:tomato_seeds":1,"minecraft:iron_ingot":44,"minecraft:wheat_seeds":2,"minecraft:mossy_cobblestone":2,"minecraft:glass_bottle":1,"minecraft:crafting_table":1,"minecraft:cooked_porkchop":2,"minecraft:cobblestone":345,"artifacts:cloud_in_a_bottle":1,"minecraft:amethyst_block":62,"minecraft:granite":11,"minecraft:copper_ingot":7,"gnumus:gnumus_pickaxe":1,"gnumus:mouse_skin":3,"minecraft:stick":55,"minecraft:flint":1,"minecraft:cherry_sign":2,"minecraft:dirt":5,"minecraft:packed_ice":4,"born_in_chaos_v1:black_argillite":20,"minecraft:diorite":2,"minecraft:gray_bed":1,"minecraft:rose_bush":1,"minecraft:cracked_deepslate_tiles":1,"minecraft:iron_leggings":2,"gravestone:obituary":26,"minecraft:bone_meal":1,"minecraft:smooth_stone":1,"minecraft:pink_petals":4,"minecraft:bone":3,"minecraft:gravel":28,"minecraft:furnace":1,"minecraft:oak_trapdoor":2,"vinery:taiga_grape_seeds_red":2,"minecraft:cobbled_deepslate":1038,"minecraft:raw_copper":14,"minecraft:tuff":215,"born_in_chaos_v1:ethereal_spirit":4,"minecraft:rotten_flesh":9,"iammusicplayer:radio_antenna":4,"minecraft:deepslate_bricks":6,"minecraft:deepslate_tiles":2,"minecraft:andesite":115,"minecraft:oak_sapling":5,"minecraft:arrow":1,"minecraft:stone_pickaxe":1,"minecraft:cracked_deepslate_bricks":2},"minecraft:custom":{"minecraft:mob_kills":51,"minecraft:interact_with_crafting_table":36,"minecraft:open_barrel":20,"minecraft:damage_dealt_resisted":32,"minecraft:leave_game":4,"minecraft:time_since_death":51473,"minecraft:climb_one_cm":2066,"minecraft:damage_resisted":34,"minecraft:sprint_one_cm":570187,"minecraft:walk_one_cm":454793,"minecraft:drop":129,"minecraft:play_time":253351,"minecraft:deaths":12,"minecraft:sneak_time":33962,"minecraft:walk_under_water_one_cm":9587,"minecraft:boat_one_cm":36675,"minecraft:jump":4533,"minecraft:walk_on_water_one_cm":17468,"minecraft:total_world_time":253351,"minecraft:interact_with_furnace":54,"minecraft:interact_with_loom":1,"minecraft:interact_with_grindstone":1,"minecraft:sleep_in_bed":4,"minecraft:time_since_rest":6335,"minecraft:damage_taken":5320,"minecraft:damage_absorbed":120,"minecraft:damage_dealt":8468,"minecraft:player_kills":1,"minecraft:swim_one_cm":22695,"minecraft:fly_one_cm":620264,"minecraft:open_chest":48,"minecraft:crouch_one_cm":163460,"minecraft:interact_with_smoker":51,"minecraft:fall_one_cm":137371},"minecraft:picked_up":{"minecraft:crafting_table":9,"minecraft:chicken":4,"minecraft:ladder":4,"minecraft:packed_ice":6,"minecraft:pink_wool":1,"vinery:cherry_log":6,"minecraft:gold_block":1,"gravestone:obituary":25,"minecraft:amethyst_block":124,"born_in_chaos_v1:black_argillite":20,"minecraft:raw_copper":34,"minecraft:string":14,"minecraft:oak_trapdoor":7,"minecraft:moss_carpet":1,"minecraft:iron_leggings":1,"vinery:cherry_sapling":2,"minecraft:deepslate_tiles":2,"minecraft:cobbled_deepslate":1552,"minecraft:candle":3,"minecraft:smooth_stone":2,"minecraft:beef":45,"minecraft:rose_bush":1,"minecraft:calcite":10,"biomesoplenty:redwood_wood":451,"minecraft:chest":2,"minecraft:furnace":4,"minecraft:stick":134,"minecraft:raw_iron":44,"minecraft:torch":27,"minecraft:porkchop":13,"sophisticatedbackpacks:backpack":1,"farmersdelight:tomato_seeds":1,"minecraft:cherry_log":75,"minecraft:carrot":12,"minecraft:diorite":48,"minecraft:redstone":27,"minecraft:tnt":1,"minecraft:arrow":1,"minecraft:rotten_flesh":14,"minecraft:cooked_cod":7,"minecraft:hay_block":18,"minecraft:deepslate_bricks":6,"minecraft:cracked_deepslate_bricks":2,"biomesoplenty:redwood_sapling":61,"minecraft:mutton":2,"gnumus:mouse_skin":6,"minecraft:white_wool":1,"minecraft:snowball":2,"minecraft:skeleton_skull":1,"minecraft:cobblestone":1102,"minecraft:stripped_oak_log":1,"minecraft:cracked_deepslate_tiles":1,"minecraft:pink_petals":13,"minecraft:feather":2,"born_in_chaos_v1:monster_flesh":3,"minecraft:cherry_planks":12,"minecraft:andesite":115,"minecraft:jungle_log":3,"biomesoplenty:fir_sapling":2,"biomesoplenty:fir_log":8,"minecraft:black_bed":2,"minecraft:leather":10,"alexsmobs:bison_fur":2,"minecraft:smoker":7,"minecraft:flint":1,"minecraft:tuff":274,"minecraft:oak_log":12,"minecraft:gunpowder":2,"artifacts:cloud_in_a_bottle":1,"minecraft:lapis_lazuli":35,"gnumus:gnumus_pickaxe":1,"minecraft:dirt":22,"brewery:hops_seeds":6,"born_in_chaos_v1:monster_skin":1,"minecraft:bone":6,"minecraft:gray_carpet":3,"minecraft:apple":2,"iammusicplayer:radio_antenna":5,"minecraft:wheat_seeds":2,"minecraft:raw_gold":6,"minecraft:iron_ingot":40,"minecraft:gray_bed":6,"minecraft:smooth_basalt":17,"minecraft:cooked_porkchop":1,"vinery:taiga_grape_seeds_red":2,"born_in_chaos_v1:ethereal_spirit":5,"minecraft:dripstone_block":2,"minecraft:gravel":32,"minecraft:white_bed":4,"minecraft:dark_oak_log":2,"minecraft:barrel":1,"minecraft:mossy_cobblestone":2,"minecraft:diamond":17,"minecraft:blue_ice":1,"minecraft:granite":11,"minecraft:bone_meal":1,"minecraft:cherry_sapling":33,"minecraft:gray_wool":5,"minecraft:baked_potato":1,"minecraft:oak_sapling":5,"minecraft:coal":329},"minecraft:mined":{"minecraft:deepslate_tiles":2,"minecraft:tuff":256,"minecraft:white_bed":4,"minecraft:mossy_cobblestone":2,"minecraft:deepslate_diamond_ore":17,"minecraft:candle":1,"minecraft:sculk_vein":6,"minecraft:cobblestone_stairs":3,"farmersdelight:wild_carrots":13,"gravestone:gravestone":11,"minecraft:ladder":4,"minecraft:granite":10,"minecraft:allium":1,"biomesoplenty:bush":2,"vinery:taiga_grape_bush_red":1,"minecraft:grass_block":5,"born_in_chaos_v1:black_argillite":20,"minecraft:jungle_log":1,"minecraft:deepslate_bricks":6,"minecraft:spawner":1,"minecraft:hay_block":18,"minecraft:smooth_stone":1,"minecraft:oak_trapdoor":5,"minecraft:furnace":4,"biomesoplenty:toadstool":1,"minecraft:iron_ore":22,"minecraft:cobbled_deepslate":8,"minecraft:barrel":1,"minecraft:andesite":110,"treechop:chopped_log":11,"minecraft:gold_block":1,"minecraft:sculk_shrieker":12,"minecraft:pointed_dripstone":1,"minecraft:deepslate_iron_ore":23,"biomesoplenty:webbing":4,"minecraft:stripped_oak_log":1,"minecraft:packed_ice":6,"biomesoplenty:barley":5,"biomesoplenty:spider_egg":1,"minecraft:stone":978,"minecraft:deepslate_redstone_ore":6,"brewery:wild_hops":3,"minecraft:smoker":6,"minecraft:powder_snow":8,"minecraft:crafting_table":9,"minecraft:torch":12,"minecraft:chest":2,"minecraft:rose_bush":1,"minecraft:sculk_sensor":4,"minecraft:copper_ore":6,"minecraft:tall_grass":3,"minecraft:cobblestone":53,"farmersdelight:wild_tomatoes":2,"minecraft:lapis_ore":6,"minecraft:cracked_deepslate_bricks":2,"minecraft:sculk":86,"minecraft:diorite":45,"minecraft:wall_torch":13,"minecraft:skeleton_skull":1,"minecraft:pink_petals":5,"minecraft:gray_wool":5,"minecraft:gray_bed":5,"minecraft:tnt":1,"minecraft:black_bed":2,"minecraft:grass":18,"minecraft:cracked_deepslate_tiles":1,"biomesoplenty:clover":2,"minecraft:oak_log":2,"minecraft:coal_ore":28,"minecraft:gravel":23,"minecraft:dripstone_block":2,"minecraft:dirt":17,"minecraft:gray_carpet":3,"minecraft:cobweb":5,"biomesoplenty:redwood_wood":3,"minecraft:gold_ore":6,"minecraft:oak_leaves":10,"minecraft:deepslate":1429,"minecraft:fern":1},"minecraft:used":{"minecraft:cherry_boat":1,"minecraft:oak_trapdoor":3,"minecraft:moss_carpet":1,"minecraft:ladder":4,"minecraft:diamond_hoe":34,"minecraft:chest":2,"minecraft:iron_sword":145,"vanillaplustools:stone_hammer":284,"minecraft:torch":31,"minecraft:mutton":1,"minecraft:dirt":10,"minecraft:carrot":11,"minecraft:wooden_axe":11,"born_in_chaos_v1:smoked_flesh":3,"minecraft:iron_axe":1,"minecraft:jungle_log":2,"minecraft:barrel":1,"minecraft:smooth_basalt":10,"minecraft:cooked_cod":7,"minecraft:furnace":11,"minecraft:gray_bed":5,"minecraft:cooked_beef":6,"minecraft:cobbled_deepslate":64,"minecraft:enchanted_golden_apple":1,"minecraft:iron_leggings":1,"minecraft:cooked_mutton":9,"minecraft:diorite":4,"minecraft:baked_potato":1,"minecraft:stone_pickaxe":226,"minecraft:gray_carpet":3,"minecraft:oak_planks":4,"minecraft:wooden_pickaxe":6,"minecraft:white_wool":2,"minecraft:crafting_table":10,"alexscaves:cave_book":1,"minecraft:blue_ice":1,"minecraft:white_bed":4,"minecraft:black_bed":2,"minecraft:smoker":7,"minecraft:apple":2,"minecraft:bread":2,"minecraft:iron_pickaxe":987,"minecraft:cherry_sign":1,"born_in_chaos_v1:smoked_monster_flesh":1,"minecraft:stone_axe":142,"minecraft:pink_petals":3,"minecraft:cobblestone":367,"minecraft:potion":1,"minecraft:cooked_porkchop":4,"minecraft:gray_wool":1,"minecraft:stripped_oak_log":1,"minecraft:diamond_leggings":1,"minecraft:candle":3,"minecraft:smooth_stone":1},"minecraft:killed":{"born_in_chaos_v1:restless_spirit":2,"born_in_chaos_v1:zombie_lumberjack":1,"alexsmobs:raccoon":1,"alexsmobs:froststalker":4,"born_in_chaos_v1:maggot":1,"minecraft:skeleton":2,"minecraft:horse":1,"minecraft:chicken":4,"alexsmobs:bison":5,"born_in_chaos_v1:corpse_fish":1,"minecraft:pig":7,"minecraft:zombie_villager":2,"minecraft:creeper":1,"born_in_chaos_v1:decrepit_skeleton":2,"minecraft:sheep":2,"minecraft:pillager":2,"minecraft:zombie":7,"minecraft:cow":6},"minecraft:broken":{"minecraft:stone_pickaxe":1,"vanillaplustools:stone_hammer":2,"minecraft:iron_pickaxe":3}},"DataVersion":3465}