{"stats":{"minecraft:custom":{"minecraft:mob_kills":40,"minecraft:interact_with_crafting_table":25,"minecraft:open_barrel":41,"minecraft:damage_dealt_resisted":48,"minecraft:leave_game":3,"minecraft:time_since_death":47455,"minecraft:sprint_one_cm":231023,"minecraft:walk_one_cm":221445,"minecraft:drop":17,"minecraft:play_time":94133,"minecraft:deaths":3,"minecraft:sneak_time":9106,"minecraft:walk_under_water_one_cm":48413,"minecraft:boat_one_cm":57420,"minecraft:jump":1497,"minecraft:walk_on_water_one_cm":30405,"minecraft:total_world_time":94133,"minecraft:interact_with_furnace":26,"minecraft:interact_with_cartography_table":1,"minecraft:sleep_in_bed":4,"minecraft:time_since_rest":15603,"minecraft:damage_taken":1677,"minecraft:damage_dealt":7760,"minecraft:swim_one_cm":24889,"minecraft:fly_one_cm":252056,"minecraft:open_chest":26,"minecraft:crouch_one_cm":27212,"minecraft:fall_one_cm":39266},"minecraft:used":{"minecraft:cherry_boat":1,"minecraft:stone_sword":57,"vanillaplustools:stone_hammer":140,"minecraft:torch":105,"minecraft:dirt":9,"vinery:taiga_grapes_white":2,"minecraft:tuff":5,"born_in_chaos_v1:corpse_maggot":1,"minecraft:wooden_axe":35,"farmersdelight:tomato":1,"minecraft:iron_axe":131,"minecraft:furnace":2,"brewery:hops":2,"minecraft:potato":1,"farmersdelight:tomato_seeds":4,"minecraft:cobbled_deepslate":54,"minecraft:wheat_seeds":20,"minecraft:cooked_mutton":4,"minecraft:diorite":5,"minecraft:stone_pickaxe":144,"minecraft:oak_planks":25,"biomesoplenty:fir_planks":4,"brewery:corn_seeds":11,"biomesoplenty:fir_slab":59,"minecraft:crafting_table":4,"brewery:corn":1,"minecraft:apple":6,"born_in_chaos_v1:monster_flesh":1,"minecraft:bread":9,"minecraft:iron_pickaxe":42,"brewery:hops_seeds":5,"minecraft:cobblestone":543,"vinery:cherry":4,"alexsmobs:animal_dictionary":1,"biomesoplenty:fir_log":3,"minecraft:bone_meal":24,"vinery:taiga_grape_seeds_white":7},"minecraft:killed":{"born_in_chaos_v1:zombie_clown":1,"born_in_chaos_v1:restless_spirit":1,"born_in_chaos_v1:zombie_bruiser":1,"born_in_chaos_v1:maggot":5,"minecraft:skeleton":1,"born_in_chaos_v1:fallen_chaos_knight":1,"minecraft:pig":1,"minecraft:zombie_villager":1,"minecraft:creeper":1,"born_in_chaos_v1:decrepit_skeleton":2,"minecraft:zombie":15,"born_in_chaos_v1:dread_hound":1,"born_in_chaos_v1:corpse_fly":1,"born_in_chaos_v1:nightmare_stalker":1,"minecraft:cow":6},"minecraft:mined":{"minecraft:tuff":5,"minecraft:deepslate_diamond_ore":1,"gravestone:gravestone":3,"biomesoplenty:fir_slab":1,"minecraft:grass_block":8,"biomesoplenty:flowering_oak_leaves":1,"minecraft:cherry_wall_sign":1,"biomesoplenty:stripped_fir_log":1,"minecraft:furnace":1,"minecraft:iron_ore":8,"minecraft:cobbled_deepslate":4,"minecraft:andesite":22,"treechop:chopped_log":10,"minecraft:deepslate_lapis_ore":17,"vinery:taiga_grape_bush_white":5,"minecraft:deepslate_iron_ore":32,"minecraft:stone":626,"minecraft:crafting_table":1,"minecraft:torch":5,"brewery:corn_crop":7,"minecraft:campfire":1,"minecraft:copper_ore":14,"minecraft:cobblestone":192,"brewery:hops_crop":1,"minecraft:lapis_ore":7,"minecraft:oak_planks":5,"minecraft:diorite":76,"minecraft:wall_torch":3,"minecraft:deepslate_copper_ore":5,"minecraft:wheat":24,"minecraft:grass":15,"minecraft:coal_ore":35,"minecraft:oak_log":10,"biomesoplenty:fir_leaves":4,"minecraft:gravel":3,"minecraft:dirt":21,"minecraft:oak_leaves":1,"minecraft:fern":7,"minecraft:deepslate":203},"minecraft:dropped":{"born_in_chaos_v1:intoxicating_decoction":1,"minecraft:wheat_seeds":98,"minecraft:cobblestone":2,"vinery:rotten_cherry":2,"brewery:corn_seeds":4,"minecraft:dirt":18,"minecraft:dark_oak_log":5,"gravestone:obituary":3,"minecraft:rotten_flesh":5,"biomesoplenty:orange_autumn_sapling":3},"minecraft:broken":{"vanillaplustools:stone_hammer":1,"minecraft:wooden_axe":1},"minecraft:crafted":{"minecraft:oak_planks":32,"vanillaplustools:stone_hammer":2,"minecraft:furnace":1,"minecraft:bone_meal":24,"minecraft:cooked_mutton":4,"minecraft:iron_axe":1,"biomesoplenty:fir_slab":102,"minecraft:stone_pickaxe":19,"minecraft:wheat":9,"farmersdelight:tomato_seeds":4,"minecraft:crafting_table":4,"minecraft:bread":9,"minecraft:air":0,"biomesoplenty:fir_planks":272,"biomesoplenty:fir_fence":3,"vinery:taiga_grape_seeds_white":7,"minecraft:iron_chestplate":1,"minecraft:charcoal":54,"minecraft:stick":44,"minecraft:iron_ingot":18,"minecraft:iron_pickaxe":1,"minecraft:wooden_axe":1,"minecraft:stone_sword":1,"minecraft:torch":132},"minecraft:killed_by":{"minecraft:creeper":1,"born_in_chaos_v1:bonescaller":1,"minecraft:zombie":1},"minecraft:picked_up":{"minecraft:charcoal":2,"minecraft:crafting_table":1,"minecraft:wheat":21,"vinery:taiga_grapes_white":9,"biomesoplenty:orange_autumn_sapling":3,"minecraft:raw_copper":67,"born_in_chaos_v1:intoxicating_decoction":1,"brewery:hops":32,"minecraft:cherry_boat":2,"minecraft:cobbled_deepslate":179,"minecraft:beef":14,"vinery:cherry":4,"minecraft:furnace":1,"minecraft:raw_iron":41,"minecraft:stick":20,"minecraft:torch":12,"minecraft:porkchop":1,"minecraft:diorite":76,"born_in_chaos_v1:nightmare_claw":1,"born_in_chaos_v1:pieceofdarkmetal":2,"minecraft:arrow":1,"minecraft:rotten_flesh":22,"brewery:corn":6,"biomesoplenty:fir_slab":1,"minecraft:cobblestone":779,"born_in_chaos_v1:corpse_maggot":2,"vinery:rotten_cherry":2,"born_in_chaos_v1:monster_flesh":1,"minecraft:andesite":21,"minecraft:leather":5,"minecraft:potato":1,"brewery:corn_seeds":15,"minecraft:tuff":5,"minecraft:oak_log":89,"minecraft:dirt":27,"minecraft:lapis_lazuli":164,"farmersdelight:tomato":11,"born_in_chaos_v1:monster_skin":4,"brewery:hops_seeds":5,"biomesoplenty:stripped_fir_log":1,"minecraft:bone":2,"minecraft:apple":6,"minecraft:wheat_seeds":118,"minecraft:cherry_sign":3,"minecraft:oak_planks":5,"born_in_chaos_v1:ethereal_spirit":1,"minecraft:gravel":3,"minecraft:dark_oak_log":5,"minecraft:diamond":1,"minecraft:oak_sapling":44,"minecraft:coal":31}},"DataVersion":3465}