{"stats":{"minecraft:custom":{"minecraft:interact_with_furnace":8,"minecraft:mob_kills":13,"minecraft:interact_with_crafting_table":8,"minecraft:open_barrel":8,"minecraft:damage_dealt_resisted":28,"minecraft:leave_game":1,"minecraft:time_since_death":37913,"minecraft:sleep_in_bed":2,"minecraft:time_since_rest":37947,"minecraft:sprint_one_cm":79466,"minecraft:damage_taken":765,"minecraft:walk_one_cm":93224,"minecraft:drop":8,"minecraft:damage_dealt":2745,"minecraft:swim_one_cm":18398,"minecraft:fly_one_cm":88667,"minecraft:open_chest":8,"minecraft:crouch_one_cm":10885,"minecraft:play_time":45768,"minecraft:deaths":2,"minecraft:sneak_time":5003,"minecraft:walk_under_water_one_cm":47142,"minecraft:jump":563,"minecraft:walk_on_water_one_cm":20707,"minecraft:total_world_time":45768,"minecraft:fall_one_cm":16832},"minecraft:broken":{"minecraft:wooden_axe":1},"minecraft:used":{"minecraft:wheat_seeds":4,"minecraft:cooked_mutton":2,"minecraft:stone_sword":15,"minecraft:stone_pickaxe":144,"vanillaplustools:stone_hammer":96,"brewery:corn_seeds":3,"minecraft:torch":26,"minecraft:dirt":7,"vinery:taiga_grapes_white":2,"minecraft:crafting_table":2,"minecraft:wooden_axe":35,"farmersdelight:tomato":1,"brewery:hops_seeds":5,"minecraft:cobblestone":538,"minecraft:furnace":1,"brewery:hops":2,"alexsmobs:animal_dictionary":1,"vinery:taiga_grape_seeds_white":3},"minecraft:killed_by":{"born_in_chaos_v1:bonescaller":1,"minecraft:zombie":1},"minecraft:mined":{"minecraft:tuff":5,"minecraft:torch":1,"gravestone:gravestone":2,"minecraft:grass_block":7,"brewery:corn_crop":2,"minecraft:copper_ore":9,"minecraft:cobblestone":188,"brewery:hops_crop":1,"minecraft:lapis_ore":4,"minecraft:diorite":76,"minecraft:iron_ore":3,"minecraft:wheat":7,"minecraft:andesite":22,"minecraft:deepslate_lapis_ore":4,"minecraft:grass":10,"vinery:taiga_grape_bush_white":5,"minecraft:oak_log":10,"minecraft:deepslate_iron_ore":20,"minecraft:gravel":3,"minecraft:dirt":19,"minecraft:stone":447,"minecraft:fern":6,"minecraft:deepslate":142},"minecraft:dropped":{"born_in_chaos_v1:intoxicating_decoction":1,"minecraft:wheat_seeds":19,"minecraft:cobblestone":2,"minecraft:rotten_flesh":2,"brewery:corn_seeds":1,"gravestone:obituary":2},"minecraft:picked_up":{"minecraft:wheat":5,"vinery:taiga_grapes_white":5,"minecraft:andesite":21,"minecraft:potato":1,"brewery:corn_seeds":4,"minecraft:tuff":5,"minecraft:oak_log":10,"farmersdelight:tomato":1,"minecraft:lapis_lazuli":52,"minecraft:dirt":25,"minecraft:raw_copper":33,"brewery:hops_seeds":5,"born_in_chaos_v1:intoxicating_decoction":1,"minecraft:bone":1,"brewery:hops":2,"minecraft:wheat_seeds":23,"minecraft:cobbled_deepslate":125,"minecraft:raw_iron":23,"minecraft:torch":2,"minecraft:gravel":3,"minecraft:diorite":76,"minecraft:rotten_flesh":9,"brewery:corn":1,"minecraft:cobblestone":629},"minecraft:crafted":{"vanillaplustools:stone_hammer":1,"minecraft:crafting_table":2,"minecraft:furnace":1,"minecraft:cooked_mutton":4,"minecraft:air":0,"biomesoplenty:fir_planks":16,"vinery:taiga_grape_seeds_white":3,"minecraft:charcoal":9,"minecraft:stick":4,"minecraft:iron_ingot":1,"minecraft:stone_pickaxe":10,"minecraft:wooden_axe":1,"minecraft:stone_sword":1,"minecraft:torch":32},"minecraft:killed":{"born_in_chaos_v1:zombie_clown":1,"born_in_chaos_v1:decrepit_skeleton":1,"born_in_chaos_v1:maggot":1,"minecraft:zombie":9}},"DataVersion":3465}