{"stats":{"minecraft:custom":{"minecraft:time_since_rest":25947,"minecraft:interact_with_furnace":4,"minecraft:sprint_one_cm":46549,"minecraft:damage_taken":620,"minecraft:walk_one_cm":68594,"minecraft:drop":6,"minecraft:damage_dealt":93,"minecraft:swim_one_cm":18124,"minecraft:interact_with_crafting_table":5,"minecraft:fly_one_cm":64376,"minecraft:open_barrel":8,"minecraft:open_chest":8,"minecraft:crouch_one_cm":2810,"minecraft:play_time":33768,"minecraft:deaths":2,"minecraft:sneak_time":1819,"minecraft:walk_under_water_one_cm":46979,"minecraft:jump":349,"minecraft:damage_dealt_resisted":28,"minecraft:leave_game":1,"minecraft:walk_on_water_one_cm":18166,"minecraft:time_since_death":25913,"minecraft:sleep_in_bed":2,"minecraft:total_world_time":33768,"minecraft:fall_one_cm":13596},"minecraft:used":{"minecraft:cooked_mutton":1,"minecraft:wheat_seeds":4,"minecraft:wooden_axe":1,"farmersdelight:tomato":1,"minecraft:stone_pickaxe":134,"vanillaplustools:stone_hammer":86,"brewery:corn_seeds":3,"brewery:hops_seeds":5,"minecraft:torch":3,"minecraft:dirt":4,"minecraft:cobblestone":474,"minecraft:crafting_table":1,"vinery:taiga_grapes_white":2,"brewery:hops":1,"alexsmobs:animal_dictionary":1,"vinery:taiga_grape_seeds_white":3},"minecraft:mined":{"minecraft:iron_ore":3,"minecraft:wheat":7,"minecraft:andesite":22,"minecraft:torch":1,"gravestone:gravestone":2,"minecraft:grass":10,"vinery:taiga_grape_bush_white":5,"minecraft:grass_block":7,"minecraft:deepslate_iron_ore":13,"brewery:corn_crop":2,"minecraft:gravel":3,"minecraft:dirt":19,"minecraft:copper_ore":9,"minecraft:cobblestone":185,"brewery:hops_crop":1,"minecraft:lapis_ore":4,"minecraft:stone":447,"minecraft:diorite":76,"minecraft:deepslate":74,"minecraft:fern":6},"minecraft:killed_by":{"born_in_chaos_v1:bonescaller":1,"minecraft:zombie":1},"minecraft:dropped":{"minecraft:wheat_seeds":19,"minecraft:cobblestone":2,"gravestone:obituary":2,"brewery:corn_seeds":1},"minecraft:picked_up":{"minecraft:raw_iron":11,"minecraft:wheat":5,"vinery:taiga_grapes_white":5,"minecraft:andesite":21,"minecraft:torch":2,"minecraft:gravel":3,"brewery:corn_seeds":4,"minecraft:diorite":76,"minecraft:lapis_lazuli":28,"minecraft:dirt":25,"farmersdelight:tomato":1,"minecraft:raw_copper":33,"brewery:hops_seeds":5,"brewery:hops":2,"minecraft:cobbled_deepslate":60,"minecraft:wheat_seeds":23,"brewery:corn":1,"minecraft:cobblestone":628},"minecraft:crafted":{"biomesoplenty:fir_planks":16,"vinery:taiga_grape_seeds_white":3,"vanillaplustools:stone_hammer":1,"minecraft:charcoal":8,"minecraft:crafting_table":1,"minecraft:stick":4,"minecraft:wooden_axe":1,"minecraft:stone_pickaxe":10,"minecraft:torch":4,"minecraft:air":0,"minecraft:cooked_mutton":4}},"DataVersion":3465}