{"stats":{"minecraft:custom":{"minecraft:interact_with_furnace":26,"minecraft:mob_kills":24,"minecraft:interact_with_crafting_table":23,"minecraft:interact_with_cartography_table":1,"minecraft:open_barrel":41,"minecraft:damage_dealt_resisted":48,"minecraft:leave_game":2,"minecraft:time_since_death":36049,"minecraft:sleep_in_bed":4,"minecraft:time_since_rest":4197,"minecraft:sprint_one_cm":183930,"minecraft:damage_taken":1429,"minecraft:walk_one_cm":184217,"minecraft:drop":13,"minecraft:damage_dealt":5384,"minecraft:swim_one_cm":21841,"minecraft:fly_one_cm":179104,"minecraft:open_chest":26,"minecraft:crouch_one_cm":25469,"minecraft:play_time":82727,"minecraft:sneak_time":8045,"minecraft:deaths":3,"minecraft:walk_under_water_one_cm":48404,"minecraft:boat_one_cm":57420,"minecraft:jump":1131,"minecraft:walk_on_water_one_cm":29473,"minecraft:total_world_time":82727,"minecraft:fall_one_cm":28849},"minecraft:used":{"minecraft:cherry_boat":1,"minecraft:wheat_seeds":20,"minecraft:cooked_mutton":4,"minecraft:diorite":5,"minecraft:stone_sword":57,"minecraft:stone_pickaxe":144,"biomesoplenty:fir_planks":3,"vanillaplustools:stone_hammer":131,"brewery:corn_seeds":11,"minecraft:torch":103,"minecraft:dirt":9,"biomesoplenty:fir_slab":59,"vinery:taiga_grapes_white":2,"minecraft:crafting_table":3,"brewery:corn":1,"minecraft:tuff":5,"minecraft:wooden_axe":35,"farmersdelight:tomato":1,"minecraft:iron_axe":20,"minecraft:bread":8,"minecraft:iron_pickaxe":8,"brewery:hops_seeds":5,"minecraft:cobblestone":543,"minecraft:furnace":2,"brewery:hops":2,"alexsmobs:animal_dictionary":1,"minecraft:potato":1,"biomesoplenty:fir_log":3,"farmersdelight:tomato_seeds":4,"minecraft:cobbled_deepslate":54,"vinery:taiga_grape_seeds_white":7,"minecraft:bone_meal":24},"minecraft:killed":{"born_in_chaos_v1:zombie_clown":1,"minecraft:zombie_villager":1,"born_in_chaos_v1:restless_spirit":1,"born_in_chaos_v1:zombie_bruiser":1,"born_in_chaos_v1:decrepit_skeleton":2,"born_in_chaos_v1:maggot":3,"minecraft:skeleton":1,"minecraft:zombie":12,"born_in_chaos_v1:nightmare_stalker":1},"minecraft:mined":{"minecraft:tuff":5,"minecraft:deepslate_diamond_ore":1,"minecraft:torch":5,"gravestone:gravestone":3,"biomesoplenty:fir_slab":1,"minecraft:grass_block":7,"brewery:corn_crop":7,"minecraft:campfire":1,"minecraft:copper_ore":14,"minecraft:cobblestone":192,"brewery:hops_crop":1,"minecraft:lapis_ore":7,"minecraft:diorite":76,"minecraft:wall_torch":3,"minecraft:deepslate_copper_ore":5,"minecraft:cherry_wall_sign":1,"biomesoplenty:stripped_fir_log":1,"minecraft:furnace":1,"minecraft:iron_ore":3,"minecraft:wheat":24,"minecraft:cobbled_deepslate":4,"minecraft:andesite":22,"treechop:chopped_log":1,"minecraft:deepslate_lapis_ore":17,"minecraft:grass":10,"vinery:taiga_grape_bush_white":5,"minecraft:oak_log":10,"minecraft:deepslate_iron_ore":32,"biomesoplenty:fir_leaves":4,"minecraft:gravel":3,"minecraft:dirt":21,"minecraft:stone":559,"minecraft:deepslate":203,"minecraft:fern":7},"minecraft:dropped":{"born_in_chaos_v1:intoxicating_decoction":1,"minecraft:wheat_seeds":98,"minecraft:cobblestone":2,"minecraft:rotten_flesh":2,"brewery:corn_seeds":4,"minecraft:dirt":18,"gravestone:obituary":3},"minecraft:broken":{"vanillaplustools:stone_hammer":1,"minecraft:wooden_axe":1},"minecraft:crafted":{"farmersdelight:tomato_seeds":4,"minecraft:oak_planks":8,"vanillaplustools:stone_hammer":1,"minecraft:crafting_table":3,"minecraft:furnace":1,"minecraft:bone_meal":24,"minecraft:bread":9,"minecraft:cooked_mutton":4,"minecraft:air":0,"biomesoplenty:fir_planks":272,"biomesoplenty:fir_fence":3,"vinery:taiga_grape_seeds_white":7,"minecraft:iron_chestplate":1,"minecraft:charcoal":54,"minecraft:iron_axe":1,"biomesoplenty:fir_slab":102,"minecraft:stick":44,"minecraft:iron_ingot":18,"minecraft:iron_pickaxe":1,"minecraft:stone_pickaxe":10,"minecraft:wooden_axe":1,"minecraft:stone_sword":1,"minecraft:torch":132,"minecraft:wheat":9},"minecraft:killed_by":{"born_in_chaos_v1:bonescaller":1,"minecraft:creeper":1,"minecraft:zombie":1},"minecraft:picked_up":{"minecraft:charcoal":2,"minecraft:wheat":21,"vinery:taiga_grapes_white":9,"minecraft:andesite":21,"minecraft:potato":1,"brewery:corn_seeds":15,"minecraft:tuff":5,"minecraft:oak_log":19,"minecraft:lapis_lazuli":164,"farmersdelight:tomato":11,"minecraft:dirt":27,"minecraft:raw_copper":67,"brewery:hops_seeds":5,"born_in_chaos_v1:monster_skin":4,"born_in_chaos_v1:intoxicating_decoction":1,"minecraft:bone":2,"biomesoplenty:stripped_fir_log":1,"brewery:hops":32,"minecraft:apple":1,"minecraft:cherry_boat":2,"minecraft:wheat_seeds":118,"minecraft:cobbled_deepslate":179,"minecraft:cherry_sign":3,"minecraft:furnace":1,"minecraft:stick":4,"minecraft:raw_iron":36,"minecraft:torch":11,"born_in_chaos_v1:ethereal_spirit":1,"minecraft:gravel":3,"minecraft:diorite":76,"born_in_chaos_v1:nightmare_claw":1,"minecraft:arrow":1,"minecraft:rotten_flesh":15,"minecraft:diamond":1,"brewery:corn":6,"biomesoplenty:fir_slab":1,"minecraft:oak_sapling":5,"minecraft:cobblestone":721}},"DataVersion":3465}