{"stats":{"minecraft:custom":{"minecraft:mob_kills":42,"minecraft:interact_with_crafting_table":39,"minecraft:open_barrel":54,"minecraft:damage_dealt_resisted":156,"minecraft:leave_game":5,"minecraft:time_since_death":50773,"minecraft:sprint_one_cm":341258,"minecraft:walk_one_cm":306125,"minecraft:drop":57,"minecraft:play_time":158428,"minecraft:deaths":4,"minecraft:sneak_time":12601,"minecraft:walk_under_water_one_cm":49465,"minecraft:boat_one_cm":86580,"minecraft:jump":2355,"minecraft:walk_on_water_one_cm":31309,"minecraft:total_world_time":158428,"minecraft:interact_with_furnace":30,"minecraft:interact_with_cartography_table":1,"minecraft:sleep_in_bed":7,"minecraft:time_since_rest":15953,"minecraft:damage_taken":2143,"minecraft:damage_dealt":8184,"minecraft:swim_one_cm":37513,"minecraft:fly_one_cm":425380,"minecraft:open_chest":45,"minecraft:crouch_one_cm":41192,"minecraft:fall_one_cm":65920},"minecraft:used":{"minecraft:cherry_boat":2,"minecraft:stone_sword":62,"minecraft:chest":2,"vanillaplustools:stone_hammer":157,"minecraft:torch":110,"minecraft:dirt":18,"vinery:taiga_grapes_white":2,"minecraft:tuff":5,"born_in_chaos_v1:corpse_maggot":2,"minecraft:wooden_axe":35,"farmersdelight:tomato":11,"mcwbridges:oak_rail_bridge":1,"mcwbridges:oak_log_bridge_middle":42,"biomesoplenty:fir_sapling":15,"minecraft:iron_axe":223,"minecraft:rooted_dirt":1,"minecraft:beef":2,"minecraft:oak_sapling":26,"minecraft:furnace":4,"brewery:hops":2,"minecraft:potato":1,"farmersdelight:tomato_seeds":4,"minecraft:cobbled_deepslate":54,"minecraft:wheat_seeds":20,"minecraft:cooked_mutton":4,"minecraft:diorite":5,"minecraft:stone_pickaxe":144,"minecraft:oak_planks":35,"biomesoplenty:fir_planks":4,"brewery:corn_seeds":12,"biomesoplenty:fir_slab":64,"minecraft:oak_slab":2,"minecraft:crafting_table":6,"brewery:corn":9,"minecraft:white_bed":3,"minecraft:apple":7,"born_in_chaos_v1:monster_flesh":1,"minecraft:bread":9,"minecraft:iron_pickaxe":48,"brewery:hops_seeds":5,"minecraft:cobblestone":543,"vinery:cherry":4,"minecraft:porkchop":1,"alexsmobs:animal_dictionary":1,"biomesoplenty:fir_log":3,"vinery:taiga_grape_seeds_white":7,"minecraft:bone_meal":24},"minecraft:killed":{"born_in_chaos_v1:zombie_clown":1,"born_in_chaos_v1:restless_spirit":2,"born_in_chaos_v1:zombie_bruiser":1,"born_in_chaos_v1:maggot":5,"minecraft:skeleton":1,"born_in_chaos_v1:fallen_chaos_knight":1,"minecraft:pig":1,"minecraft:zombie_villager":1,"minecraft:creeper":1,"born_in_chaos_v1:decrepit_skeleton":2,"minecraft:zombie":15,"born_in_chaos_v1:dread_hound":1,"born_in_chaos_v1:corpse_fly":1,"born_in_chaos_v1:nightmare_stalker":1,"alexsmobs:fly":1,"minecraft:cow":6},"minecraft:mined":{"minecraft:tuff":5,"minecraft:white_bed":3,"minecraft:deepslate_diamond_ore":1,"gravestone:gravestone":4,"biomesoplenty:fir_slab":4,"minecraft:grass_block":18,"biomesoplenty:flowering_oak_leaves":1,"minecraft:spruce_leaves":6,"minecraft:rooted_dirt":1,"minecraft:cherry_wall_sign":1,"biomesoplenty:stripped_fir_log":1,"minecraft:furnace":3,"minecraft:barrel":1,"minecraft:iron_ore":8,"minecraft:cobbled_deepslate":4,"minecraft:andesite":22,"treechop:chopped_log":16,"minecraft:deepslate_lapis_ore":17,"vinery:taiga_grape_bush_white":5,"minecraft:deepslate_iron_ore":32,"minecraft:stone":717,"minecraft:oak_slab":2,"minecraft:cornflower":1,"minecraft:crafting_table":1,"minecraft:torch":7,"brewery:corn_crop":12,"minecraft:chest":2,"minecraft:campfire":1,"mcwbridges:oak_rail_bridge":1,"minecraft:copper_ore":14,"minecraft:cobblestone":192,"brewery:hops_crop":1,"minecraft:lapis_ore":7,"mcwbridges:oak_log_bridge_middle":36,"minecraft:oak_planks":11,"minecraft:diorite":76,"minecraft:wall_torch":4,"minecraft:deepslate_copper_ore":5,"minecraft:wheat":24,"minecraft:grass":20,"minecraft:oak_log":10,"minecraft:coal_ore":73,"biomesoplenty:fir_leaves":8,"minecraft:gravel":3,"minecraft:dirt":25,"biomesoplenty:fir_sapling":3,"minecraft:oak_leaves":2,"minecraft:deepslate":203,"minecraft:fern":9},"minecraft:dropped":{"biomesoplenty:fir_log":138,"born_in_chaos_v1:intoxicating_decoction":1,"minecraft:oak_slab":26,"minecraft:wheat_seeds":104,"minecraft:lapis_lazuli":36,"alexsmobs:banana_slug_slime":4,"minecraft:feather":4,"minecraft:cobblestone":66,"vinery:rotten_cherry":2,"brewery:corn_seeds":5,"born_in_chaos_v1:nightmare_claw":1,"biomesoplenty:fir_slab":126,"minecraft:cherry_sign":6,"minecraft:dirt":18,"minecraft:dark_oak_log":5,"farmersdelight:onion":2,"gravestone:obituary":4,"minecraft:string":2,"minecraft:bone":1,"minecraft:cobbled_deepslate":123,"minecraft:raw_copper":6,"minecraft:raw_iron":5,"born_in_chaos_v1:ethereal_spirit":2,"minecraft:rotten_flesh":11,"biomesoplenty:orange_autumn_sapling":3,"brewery:hops":34,"minecraft:charcoal":11,"vanillaplustools:stone_hammer":1,"minecraft:barrel":2,"minecraft:arrow":1,"minecraft:wooden_pickaxe":1,"minecraft:stone_pickaxe":1},"minecraft:broken":{"vanillaplustools:stone_hammer":1,"minecraft:iron_axe":1,"minecraft:wooden_axe":1},"minecraft:crafted":{"minecraft:oak_planks":316,"vanillaplustools:stone_hammer":2,"minecraft:furnace":1,"minecraft:bone_meal":24,"minecraft:cooked_mutton":4,"minecraft:iron_axe":2,"biomesoplenty:fir_slab":102,"minecraft:stone_pickaxe":19,"minecraft:oak_fence":30,"minecraft:wheat":9,"farmersdelight:tomato_seeds":4,"minecraft:oak_slab":66,"minecraft:crafting_table":4,"mcwbridges:oak_log_bridge_middle":52,"minecraft:bread":9,"minecraft:air":0,"biomesoplenty:fir_planks":272,"biomesoplenty:fir_fence":3,"vinery:taiga_grape_seeds_white":7,"minecraft:iron_chestplate":1,"minecraft:charcoal":54,"minecraft:stick":64,"minecraft:iron_ingot":18,"minecraft:iron_pickaxe":1,"minecraft:wooden_axe":1,"minecraft:stone_sword":1,"minecraft:torch":132,"mcwbridges:oak_rail_bridge":4},"minecraft:killed_by":{"minecraft:creeper":1,"born_in_chaos_v1:bonescaller":2,"minecraft:zombie":1},"minecraft:picked_up":{"minecraft:charcoal":35,"minecraft:crafting_table":2,"minecraft:wheat":24,"vinery:taiga_grapes_white":9,"minecraft:wooden_pickaxe":1,"biomesoplenty:orange_autumn_sapling":3,"minecraft:chain":1,"minecraft:string":2,"minecraft:raw_copper":73,"born_in_chaos_v1:intoxicating_decoction":1,"brewery:hops":83,"minecraft:cherry_boat":2,"mcwbridges:oak_log_bridge_middle":35,"minecraft:cobbled_deepslate":361,"minecraft:beef":26,"vinery:cherry":4,"minecraft:iron_pickaxe":1,"minecraft:chest":2,"minecraft:furnace":5,"minecraft:stick":39,"minecraft:raw_iron":46,"mcwbridges:oak_rail_bridge":1,"minecraft:torch":16,"minecraft:porkchop":1,"minecraft:diorite":147,"born_in_chaos_v1:nightmare_claw":2,"born_in_chaos_v1:pieceofdarkmetal":4,"minecraft:stone_sword":1,"minecraft:arrow":1,"minecraft:rotten_flesh":28,"farmersdelight:onion":2,"brewery:corn":16,"biomesoplenty:fir_slab":68,"minecraft:cobblestone":995,"born_in_chaos_v1:corpse_maggot":2,"minecraft:feather":4,"vinery:rotten_cherry":2,"born_in_chaos_v1:monster_flesh":1,"minecraft:andesite":42,"minecraft:leather":10,"minecraft:potato":1,"biomesoplenty:fir_log":266,"biomesoplenty:fir_sapling":51,"brewery:corn_seeds":17,"minecraft:tuff":5,"minecraft:oak_log":123,"minecraft:dirt":39,"minecraft:lapis_lazuli":200,"farmersdelight:tomato":25,"born_in_chaos_v1:monster_skin":8,"brewery:hops_seeds":5,"biomesoplenty:stripped_fir_log":1,"minecraft:bone":3,"minecraft:apple":7,"minecraft:wheat_seeds":124,"minecraft:stone_pickaxe":1,"minecraft:iron_ingot":22,"minecraft:cherry_sign":9,"minecraft:oak_planks":13,"minecraft:oak_slab":28,"born_in_chaos_v1:ethereal_spirit":4,"minecraft:gravel":6,"minecraft:white_bed":3,"alexsmobs:animal_dictionary":1,"minecraft:dark_oak_log":5,"minecraft:barrel":3,"minecraft:diamond":2,"vanillaplustools:stone_hammer":1,"alexsmobs:maggot":1,"alexsmobs:banana_slug_slime":4,"minecraft:rooted_dirt":1,"minecraft:oak_sapling":74,"minecraft:coal":146}},"DataVersion":3465}