{"stats":{"minecraft:custom":{"minecraft:time_since_rest":3603,"minecraft:sprint_one_cm":42123,"minecraft:damage_taken":600,"minecraft:walk_one_cm":31242,"minecraft:drop":6,"minecraft:damage_dealt":93,"minecraft:swim_one_cm":4475,"minecraft:interact_with_crafting_table":2,"minecraft:fly_one_cm":60038,"minecraft:open_barrel":8,"minecraft:open_chest":4,"minecraft:crouch_one_cm":846,"minecraft:play_time":11424,"minecraft:deaths":2,"minecraft:sneak_time":199,"minecraft:walk_under_water_one_cm":88,"minecraft:jump":223,"minecraft:damage_dealt_resisted":28,"minecraft:leave_game":1,"minecraft:walk_on_water_one_cm":964,"minecraft:time_since_death":3569,"minecraft:sleep_in_bed":2,"minecraft:total_world_time":11424,"minecraft:fall_one_cm":13178},"minecraft:used":{"minecraft:wheat_seeds":4,"minecraft:wooden_axe":1,"brewery:corn_seeds":3,"brewery:hops_seeds":5,"vinery:taiga_grapes_white":2,"alexsmobs:animal_dictionary":1,"vinery:taiga_grape_seeds_white":3},"minecraft:mined":{"minecraft:wheat":7,"gravestone:gravestone":2,"minecraft:grass":10,"vinery:taiga_grape_bush_white":5,"brewery:corn_crop":2,"brewery:hops_crop":1,"minecraft:fern":6},"minecraft:killed_by":{"born_in_chaos_v1:bonescaller":1,"minecraft:zombie":1},"minecraft:dropped":{"minecraft:wheat_seeds":19,"minecraft:cobblestone":2,"gravestone:obituary":2,"brewery:corn_seeds":1},"minecraft:picked_up":{"minecraft:wheat":5,"vinery:taiga_grapes_white":5,"brewery:corn_seeds":4,"farmersdelight:tomato":1,"brewery:hops_seeds":5,"brewery:hops":2,"minecraft:wheat_seeds":23,"brewery:corn":1},"minecraft:crafted":{"biomesoplenty:fir_planks":16,"vinery:taiga_grape_seeds_white":3,"minecraft:stick":4,"minecraft:stone_pickaxe":1,"minecraft:wooden_axe":1}},"DataVersion":3465}