{"stats":{"minecraft:killed_by":{"born_in_chaos_v1:missioner":1,"minecraft:skeleton":1},"minecraft:custom":{"minecraft:time_since_rest":5437,"minecraft:sprint_one_cm":43671,"minecraft:damage_taken":1005,"minecraft:walk_one_cm":34057,"minecraft:mob_kills":2,"minecraft:damage_dealt":692,"minecraft:swim_one_cm":731,"minecraft:interact_with_crafting_table":2,"minecraft:fly_one_cm":67879,"minecraft:crouch_one_cm":3606,"minecraft:play_time":20826,"minecraft:deaths":2,"minecraft:sneak_time":1312,"minecraft:walk_under_water_one_cm":138,"minecraft:jump":516,"minecraft:damage_dealt_resisted":8,"minecraft:walk_on_water_one_cm":1168,"minecraft:time_since_death":5397,"minecraft:total_world_time":20826,"minecraft:fall_one_cm":18421},"minecraft:used":{"minecraft:wooden_axe":2,"minecraft:apple":4,"minecraft:iron_axe":36,"minecraft:stone_pickaxe":51,"minecraft:wooden_pickaxe":13,"minecraft:cobblestone":9,"minecraft:crafting_table":2,"gnumus:grilled_juicy_meat":1},"minecraft:killed":{"minecraft:sheep":1,"born_in_chaos_v1:zombie_lumberjack":1},"minecraft:mined":{"minecraft:pink_petals":1,"treechop:chopped_log":1,"minecraft:powder_snow":11,"minecraft:crafting_table":2,"gravestone:gravestone":2,"minecraft:grass":1,"biomesoplenty:bush":2,"minecraft:coal_ore":22,"born_in_chaos_v1:infernal_evil_pumpkin_s":1,"minecraft:stone":42},"minecraft:picked_up":{"minecraft:pink_petals":1,"minecraft:stick":8,"minecraft:crafting_table":2,"minecraft:cherry_log":19,"minecraft:spruce_log":1,"gnumus:grilled_juicy_meat":1,"minecraft:iron_axe":1,"minecraft:rotten_flesh":1,"minecraft:apple":4,"minecraft:wheat_seeds":1,"minecraft:cherry_sapling":17,"minecraft:mutton":2,"minecraft:coal":20,"minecraft:white_wool":1,"minecraft:cobblestone":39},"minecraft:crafted":{"minecraft:cherry_planks":76,"minecraft:crafting_table":1,"minecraft:wooden_pickaxe":1,"minecraft:stone_pickaxe":1,"minecraft:wooden_axe":1}},"DataVersion":3465}