{"stats":{"minecraft:custom":{"minecraft:time_since_rest":8826,"minecraft:crouch_one_cm":3155,"minecraft:play_time":8826,"minecraft:sprint_one_cm":5437,"minecraft:damage_taken":110,"minecraft:walk_one_cm":10595,"minecraft:sneak_time":1176,"minecraft:jump":61,"minecraft:time_since_death":8826,"minecraft:total_world_time":8826,"minecraft:interact_with_crafting_table":2,"minecraft:fall_one_cm":1012,"minecraft:fly_one_cm":4687},"minecraft:used":{"minecraft:wooden_axe":1,"minecraft:cobblestone":8,"minecraft:crafting_table":2,"minecraft:stone_pickaxe":42,"minecraft:wooden_pickaxe":13},"minecraft:mined":{"minecraft:pink_petals":1,"minecraft:coal_ore":15,"minecraft:stone":40,"minecraft:powder_snow":11,"treechop:chopped_log":1,"minecraft:crafting_table":1},"minecraft:picked_up":{"minecraft:crafting_table":1,"minecraft:pink_petals":1,"minecraft:stick":8,"minecraft:cherry_sapling":17,"minecraft:cherry_log":19,"minecraft:coal":14,"minecraft:cobblestone":37},"minecraft:crafted":{"minecraft:cherry_planks":76,"minecraft:crafting_table":1,"minecraft:wooden_pickaxe":1,"minecraft:stone_pickaxe":1,"minecraft:wooden_axe":1}},"DataVersion":3465}