{"stats":{"minecraft:custom":{"minecraft:time_since_rest":8701,"minecraft:sprint_one_cm":39241,"minecraft:damage_taken":1264,"minecraft:walk_one_cm":53599,"minecraft:mob_kills":2,"minecraft:drop":4,"minecraft:damage_dealt":630,"minecraft:interact_with_crafting_table":11,"minecraft:fly_one_cm":44696,"minecraft:crouch_one_cm":369,"minecraft:play_time":16804,"minecraft:deaths":4,"minecraft:sneak_time":57,"minecraft:jump":430,"minecraft:time_since_death":8669,"minecraft:total_world_time":16804,"minecraft:fall_one_cm":12915},"minecraft:used":{"minecraft:cobblestone_stairs":13,"minecraft:cherry_door":3,"minecraft:stone_pickaxe":17,"minecraft:wooden_pickaxe":17,"minecraft:cherry_planks":39,"vanillaplustools:stone_hammer":39,"minecraft:stone_axe":25,"minecraft:wooden_sword":2,"minecraft:cobblestone":8,"minecraft:crafting_table":4,"minecraft:furnace":8},"minecraft:killed_by":{"minecraft:player":1,"born_in_chaos_v1:nightmare_stalker":2},"minecraft:mined":{"minecraft:pink_petals":4,"minecraft:cherry_planks":2,"minecraft:iron_ore":4,"minecraft:powder_snow":4,"treechop:chopped_log":3,"minecraft:crafting_table":1,"gravestone:gravestone":4,"vinery:taiga_grape_bush_red":1,"minecraft:grass":5,"minecraft:grass_block":1,"minecraft:stone":369},"minecraft:dropped":{"vanillaplustools:stone_hammer":1,"gravestone:obituary":3},"minecraft:picked_up":{"minecraft:raw_iron":4,"minecraft:pink_petals":9,"minecraft:stick":9,"minecraft:crafting_table":1,"minecraft:cherry_planks":2,"vinery:taiga_grape_seeds_red":2,"minecraft:cherry_log":38,"born_in_chaos_v1:nightmare_claw":1,"born_in_chaos_v1:monster_skin":3,"minecraft:bone":2,"minecraft:rotten_flesh":2,"minecraft:cherry_sapling":27,"minecraft:cobblestone":368},"minecraft:killed":{"minecraft:spider":1,"born_in_chaos_v1:decrepit_skeleton":1},"minecraft:crafted":{"minecraft:cherry_planks":152,"minecraft:wooden_sword":1,"vanillaplustools:stone_hammer":2,"minecraft:crafting_table":3,"minecraft:stick":72,"minecraft:wooden_pickaxe":1,"minecraft:stone_pickaxe":18,"minecraft:cherry_door":3,"minecraft:furnace":8,"minecraft:cobblestone_stairs":40,"minecraft:stone_axe":1}},"DataVersion":3465}