{"stats":{"minecraft:custom":{"minecraft:interact_with_crafting_table":77,"minecraft:open_barrel":23,"minecraft:leave_game":23,"minecraft:time_since_death":248175,"minecraft:sprint_one_cm":431430,"minecraft:damage_blocked_by_shield":2190,"minecraft:drop":163,"minecraft:play_time":362524,"minecraft:deaths":17,"minecraft:jump":5968,"minecraft:walk_on_water_one_cm":36114,"minecraft:enchant_item":4,"minecraft:interact_with_furnace":85,"minecraft:interact_with_loom":1,"minecraft:sleep_in_bed":3,"minecraft:waystone_activated":1,"minecraft:damage_dealt":28570,"minecraft:player_kills":1,"minecraft:crouch_one_cm":123468,"minecraft:interact_with_smoker":71,"minecraft:horse_one_cm":239014,"minecraft:interact_with_anvil":7,"minecraft:mob_kills":149,"minecraft:damage_dealt_resisted":1508,"minecraft:climb_one_cm":6652,"minecraft:walk_one_cm":751965,"minecraft:sneak_time":26273,"minecraft:walk_under_water_one_cm":15606,"minecraft:total_world_time":362524,"minecraft:time_since_rest":48175,"minecraft:damage_taken":8773,"minecraft:damage_absorbed":40,"minecraft:swim_one_cm":13503,"minecraft:fly_one_cm":1387203,"minecraft:open_chest":172,"minecraft:fall_one_cm":373459},"minecraft:killed":{"minecraft:cave_spider":3,"born_in_chaos_v1:restless_spirit":1,"minecraft:spider":4,"minecraft:skeleton":13,"born_in_chaos_v1:skeleton_thrasher":1,"artifacts:mimic":4,"born_in_chaos_v1:bonescaller":2,"minecraft:pig":3,"minecraft:zombie_villager":2,"born_in_chaos_v1:diamond_termite":11,"minecraft:creeper":4,"minecraft:sheep":1,"minecraft:zombie":27,"born_in_chaos_v1:dread_hound":2,"born_in_chaos_v1:corpse_fly":12,"alexscaves:trilocaris":4,"alexsmobs:fly":1,"minecraft:glow_squid":1,"born_in_chaos_v1:door_knight":1,"alexscaves:vallumraptor":1,"minecraft:slime":1,"born_in_chaos_v1:zombie_bruiser":2,"born_in_chaos_v1:maggot":15,"gnumus:gnumus_hunter":4,"born_in_chaos_v1:corpse_fish":3,"born_in_chaos_v1:barrel_zombie":1,"born_in_chaos_v1:fallen_chaos_knight":1,"born_in_chaos_v1:baby_skeleton":2,"born_in_chaos_v1:swarmer":1,"born_in_chaos_v1:decrepit_skeleton":10,"born_in_chaos_v1:decaying_zombie":3,"alexscaves:subterranodon":2,"born_in_chaos_v1:dark_vortex":1,"born_in_chaos_v1:nightmare_stalker":1,"minecraft:enderman":1},"minecraft:killed_by":{"born_in_chaos_v1:nightmare_stalker":2,"born_in_chaos_v1:zombie_bruiser":1,"artifacts:mimic":1,"minecraft:zombie":3,"minecraft:player":2,"minecraft:warden":2,"minecraft:skeleton":3,"born_in_chaos_v1:corpse_fish":1},"minecraft:used":{"minecraft:beetroot":6,"minecraft:diamond_hoe":118,"minecraft:chest":10,"minecraft:shield":51,"minecraft:iron_sword":147,"minecraft:rotten_flesh":4,"alexscaves:ambersol":4,"minecraft:carrot":1,"minecraft:tuff":3,"born_in_chaos_v1:corpse_maggot":4,"beautify:lamp_candelabra":2,"born_in_chaos_v1:smoked_flesh":36,"alexscaves:amber":20,"minecraft:stone_bricks":30,"minecraft:furnace":12,"minecraft:cooked_cod":6,"minecraft:gray_bed":2,"minecraft:diorite":12,"minecraft:stone_pickaxe":19,"minecraft:wooden_pickaxe":17,"minecraft:leather_chestplate":1,"biomesoplenty:fir_planks":75,"minecraft:golden_apple":1,"minecraft:glow_berries":29,"gnumus:gnumus_pickaxe":6,"minecraft:redstone_torch":2,"minecraft:gravel":5,"biomesoplenty:stripped_fir_log":1,"born_in_chaos_v1:smoked_monster_flesh":1,"minecraft:wooden_sword":21,"born_in_chaos_v1:rotten_fish":2,"minecraft:andesite":1,"handcrafted:cherry_table":4,"mcwfurnitures:spruce_bookshelf_cupboard":9,"minecraft:enchanting_table":1,"born_in_chaos_v1:smoked_fish":2,"minecraft:sculk":1,"vanillaplustools:stone_hammer":481,"minecraft:torch":85,"minecraft:brewing_stand":1,"minecraft:anvil":2,"alexscaves:limestone":104,"minecraft:bookshelf":10,"minecraft:iron_axe":165,"vinery:grapevine_stem":11,"minecraft:golden_carrot":15,"minecraft:cooked_beef":1,"minecraft:cherry_log":9,"minecraft:cobbled_deepslate":40,"sophisticatedbackpacks:gold_backpack":1,"born_in_chaos_v1:trident_hayfork":253,"minecraft:water_bucket":1,"minecraft:cobblestone_stairs":18,"minecraft:cherry_planks":104,"minecraft:tnt":2,"minecraft:crafting_table":8,"minecraft:red_bed":1,"minecraft:smoker":7,"minecraft:diamond_pickaxe":388,"minecraft:cherry_door":4,"minecraft:iron_pickaxe":136,"minecraft:stone_axe":39,"minecraft:potion":1,"minecraft:cobblestone":43,"biomesoplenty:fir_door":2,"vanillaplustools:iron_hammer":442,"minecraft:cooked_porkchop":1,"minecraft:bucket":3,"biomesoplenty:fir_log":15,"minecraft:soul_torch":4},"minecraft:dropped":{"biomesoplenty:fir_log":64,"minecraft:baked_potato":3,"minecraft:glass_bottle":1,"gnumus:gnumus_pickaxe":1,"gnumus:mouse_skin":4,"minecraft:dirt":8,"minecraft:red_bed":2,"born_in_chaos_v1:monster_skin":1,"minecraft:cooked_cod":11,"minecraft:snowball":2,"minecraft:chain":1,"gravestone:obituary":23,"minecraft:wooden_sword":1,"minecraft:bone_meal":1,"minecraft:iron_pickaxe":5,"minecraft:bone":14,"minecraft:gravel":12,"minecraft:cooked_chicken":7,"minecraft:cobbled_deepslate":1082,"alexsmobs:animal_dictionary":2,"minecraft:pointed_dripstone":2,"minecraft:cherry_sapling":18,"minecraft:rotten_flesh":9,"minecraft:leather_chestplate":1,"born_in_chaos_v1:corpse_maggot":12,"vanillaplustools:stone_hammer":1,"mcwfurnitures:spruce_bookshelf_cupboard":1,"minecraft:arrow":3,"minecraft:water_bucket":1,"minecraft:cherry_log":4,"minecraft:cobblestone":443,"minecraft:sculk_vein":3,"minecraft:golden_apple":1,"minecraft:stick":16,"alexscaves:trilocaris_tail":1,"born_in_chaos_v1:black_argillite":6,"minecraft:sculk":1,"minecraft:diorite":28,"minecraft:iron_trapdoor":1,"minecraft:torch":2,"minecraft:cherry_planks":5,"minecraft:potion":1,"minecraft:iron_leggings":1,"alexscaves:limestone":49,"minecraft:string":9,"minecraft:smooth_basalt":2,"minecraft:moss_carpet":6,"minecraft:cobblestone_wall":1,"minecraft:raw_copper":7,"minecraft:tuff":116,"alexscaves:fiddlehead":4,"alexscaves:tree_star":16,"minecraft:stripped_oak_log":1,"minecraft:suspicious_stew":2,"minecraft:stone":59,"minecraft:andesite":65,"minecraft:stone_pressure_plate":1,"minecraft:stone_pickaxe":3,"minecraft:wooden_pickaxe":1},"minecraft:mined":{"mcwfurnitures:spruce_bookshelf_cupboard":1,"minecraft:stone_pressure_plate":1,"minecraft:cherry_log":2,"minecraft:sculk_vein":5,"sophisticatedbackpacks:gold_backpack":1,"minecraft:brewing_stand":1,"alexscaves:limestone":725,"minecraft:obsidian":9,"minecraft:granite":51,"minecraft:budding_amethyst":32,"vinery:taiga_grape_bush_red":1,"minecraft:grass_block":4,"minecraft:deepslate_bricks":1,"minecraft:coal_block":3,"minecraft:deepslate_tile_stairs":6,"biomesoplenty:stripped_fir_log":1,"minecraft:sculk_catalyst":1,"minecraft:iron_ore":102,"minecraft:cobbled_deepslate":15,"minecraft:pumpkin":8,"minecraft:moss_carpet":1,"minecraft:deepslate_lapis_ore":4,"minecraft:anvil":2,"biomesoplenty:hanging_cobweb":3,"minecraft:sculk_shrieker":36,"minecraft:pointed_dripstone":1,"minecraft:small_amethyst_bud":2,"biomesoplenty:webbing":2,"minecraft:deepslate_brick_stairs":1,"alexscaves:ambersol":5,"minecraft:deepslate_redstone_ore":2,"alexscaves:amber":85,"minecraft:red_bed":1,"minecraft:smoker":7,"minecraft:medium_amethyst_bud":1,"minecraft:amethyst_cluster":3,"minecraft:powder_snow":27,"born_in_chaos_v1:infected_deepslate_diamond_ore":5,"minecraft:torch":2,"minecraft:calcite":141,"minecraft:cobblestone":12,"minecraft:oak_planks":2,"minecraft:wall_torch":2,"minecraft:amethyst_block":266,"minecraft:pink_petals":4,"minecraft:cherry_door":2,"minecraft:tnt":1,"minecraft:stone_brick_stairs":1,"minecraft:grass":13,"minecraft:dirt":51,"minecraft:smooth_basalt":32,"minecraft:netherrack":1,"minecraft:deepslate":1663,"minecraft:tuff":158,"minecraft:deepslate_diamond_ore":19,"minecraft:candle":1,"born_in_chaos_v1:infected_diamond_ore":1,"gravestone:gravestone":18,"born_in_chaos_v1:black_argillite":3,"minecraft:spruce_leaves":2,"minecraft:moss_block":1,"minecraft:sandstone":27,"minecraft:hay_block":6,"minecraft:redstone_ore":5,"minecraft:furnace":3,"minecraft:andesite":125,"treechop:chopped_log":11,"minecraft:polished_deepslate":3,"minecraft:bookshelf":4,"minecraft:deepslate_iron_ore":54,"minecraft:stripped_oak_log":1,"minecraft:packed_ice":3,"vinery:grapevine_stem":6,"minecraft:stone":3846,"minecraft:redstone_wall_torch":1,"minecraft:cherry_planks":57,"handcrafted:cherry_table":2,"alexscaves:cave_painting_dino_nuggets":1,"minecraft:crafting_table":4,"minecraft:emerald_ore":2,"minecraft:sculk_sensor":57,"minecraft:copper_ore":32,"minecraft:lapis_ore":4,"minecraft:deepslate_gold_ore":4,"minecraft:sculk":42,"minecraft:diorite":86,"minecraft:cobblestone_wall":1,"minecraft:gray_bed":2,"minecraft:spruce_log":2,"minecraft:coal_ore":175,"alexscaves:cycad":2,"minecraft:gravel":22,"minecraft:dripstone_block":14,"biomesoplenty:stringy_cobweb":6,"minecraft:cobweb":9,"minecraft:stone_bricks":2,"minecraft:gold_ore":6,"minecraft:iron_trapdoor":1},"minecraft:broken":{"vanillaplustools:iron_hammer":1,"minecraft:shield":1,"vanillaplustools:stone_hammer":3,"gnumus:gnumus_pickaxe":1},"minecraft:crafted":{"minecraft:oak_planks":12,"gnumus:grilled_juicy_meat":12,"cataclysm:sticky_gloves":1,"minecraft:cooked_chicken":3,"minecraft:cobblestone_stairs":40,"minecraft:bookshelf":6,"minecraft:cooked_mutton":1,"born_in_chaos_v1:dark_ritual_dagger":1,"vanillaplustools:iron_hammer":2,"minecraft:iron_boots":1,"minecraft:chest":13,"mcwfurnitures:cabinet_door":2,"minecraft:stone_bricks":44,"minecraft:cooked_porkchop":5,"sophisticatedbackpacks:backpack":1,"born_in_chaos_v1:smoked_fish":5,"vinery:grapevine_stem":8,"minecraft:crafting_table":4,"minecraft:iron_helmet":1,"minecraft:wooden_pickaxe":1,"handcrafted:cherry_table":2,"mcwfurnitures:spruce_bookshelf_cupboard":8,"gnumus:gnumus_pickaxe":1,"biomesoplenty:fir_planks":132,"minecraft:iron_chestplate":1,"minecraft:diamond_pickaxe":1,"minecraft:shield":1,"minecraft:stick":192,"born_in_chaos_v1:smoked_flesh":55,"minecraft:iron_ingot":116,"minecraft:iron_pickaxe":19,"minecraft:gold_ingot":10,"minecraft:redstone_torch":1,"biomesoplenty:fir_door":3,"minecraft:cherry_planks":360,"minecraft:wooden_sword":1,"vanillaplustools:stone_hammer":8,"minecraft:iron_nugget":18,"minecraft:furnace":9,"born_in_chaos_v1:smoked_monster_flesh":1,"minecraft:flint_and_steel":1,"born_in_chaos_v1:bone_handle":1,"minecraft:leather":6,"minecraft:iron_axe":1,"minecraft:stone_pickaxe":73,"minecraft:wheat":54,"sophisticatedbackpacks:iron_backpack":1,"minecraft:cooked_cod":17,"bakery:sandwich":10,"minecraft:enchanting_table":1,"minecraft:iron_sword":1,"sophisticatedbackpacks:gold_backpack":1,"minecraft:bucket":1,"minecraft:stone_axe":1,"minecraft:air":0,"beautify:lamp_candelabra":1,"minecraft:gold_nugget":9,"minecraft:cherry_door":3,"minecraft:iron_leggings":1,"minecraft:torch":116},"minecraft:picked_up":{"minecraft:iron_trapdoor":1,"minecraft:anvil":2,"minecraft:suspicious_stew":1,"gnumus:gnumus_claw":5,"alexscaves:trilocaris_tail":1,"minecraft:stone_brick_stairs":1,"minecraft:brewing_stand":1,"minecraft:amethyst_block":191,"alexscaves:smooth_limestone":1,"born_in_chaos_v1:black_argillite":6,"minecraft:string":21,"minecraft:raw_copper":100,"minecraft:sculk_shrieker":14,"minecraft:cobbled_deepslate":1397,"minecraft:redstone_torch":1,"minecraft:calcite":128,"minecraft:iron_pickaxe":5,"minecraft:coal_block":3,"minecraft:furnace":3,"minecraft:stick":72,"born_in_chaos_v1:shattered_skull":1,"minecraft:torch":6,"minecraft:porkchop":5,"minecraft:cherry_log":131,"minecraft:pointed_dripstone":2,"minecraft:diorite":96,"born_in_chaos_v1:nightmare_claw":2,"minecraft:rotten_flesh":51,"minecraft:bookshelf":4,"minecraft:obsidian":9,"minecraft:cod":3,"minecraft:cobblestone":3761,"minecraft:pink_petals":9,"gnumus:gnumus_doubloons":10,"minecraft:leather_chestplate":1,"minecraft:feather":4,"minecraft:cooked_beef":7,"minecraft:cherry_planks":57,"minecraft:andesite":90,"gnumus:overripe_carrot":3,"minecraft:smoker":7,"biomesoplenty:fir_log":128,"minecraft:flint":2,"minecraft:tuff":123,"minecraft:cherry_door":2,"minecraft:lapis_lazuli":44,"minecraft:dirt":46,"gnumus:gnumus_pouch_2":4,"born_in_chaos_v1:monster_skin":4,"minecraft:bone":35,"minecraft:raw_gold":10,"vinery:grapevine_stem":7,"minecraft:rabbit":6,"minecraft:oak_planks":2,"alexscaves:amber_curiosity":1,"sophisticatedbackpacks:iron_backpack":1,"minecraft:diamond":16,"gnumus:gnumus_clay":6,"minecraft:granite":40,"minecraft:bone_meal":1,"minecraft:bread":25,"born_in_chaos_v1:rotten_fish":7,"sophisticatedbackpacks:gold_backpack":1,"minecraft:crafting_table":4,"born_in_chaos_v1:diamond_termite_shard":8,"handcrafted:cherry_table":2,"minecraft:chicken":3,"born_in_chaos_v1:seedof_chaos":1,"minecraft:chain":1,"gravestone:obituary":9,"minecraft:red_bed":3,"biomesoplenty:fir_door":1,"minecraft:moss_carpet":6,"alexscaves:fiddlehead":2,"artifacts:power_glove":2,"minecraft:candle":3,"minecraft:deepslate_diamond_ore":8,"born_in_chaos_v1:gnawed_bones":1,"minecraft:raw_iron":155,"minecraft:stone":151,"alexscaves:cycad":6,"beautify:lamp_candelabra":1,"born_in_chaos_v1:pieceofdarkmetal":7,"minecraft:carrot":1,"minecraft:redstone":27,"minecraft:stone_pressure_plate":1,"minecraft:tnt":1,"artifacts:snorkel":3,"minecraft:arrow":6,"minecraft:hay_block":6,"born_in_chaos_v1:trident_hayfork":1,"gnumus:mouse_skin":17,"minecraft:mutton":4,"minecraft:white_wool":1,"minecraft:emerald_ore":2,"minecraft:stripped_oak_log":2,"born_in_chaos_v1:corpse_maggot":16,"born_in_chaos_v1:monster_flesh":2,"minecraft:glow_ink_sac":9,"alexscaves:limestone":204,"minecraft:oak_log":3,"minecraft:cobblestone_wall":1,"minecraft:gunpowder":2,"artifacts:cloud_in_a_bottle":5,"alexscaves:ambersol":5,"minecraft:sculk_vein":3,"gnumus:gnumus_pickaxe":1,"alexscaves:amber":64,"minecraft:cooked_mutton":4,"biomesoplenty:stripped_fir_log":1,"minecraft:stone_bricks":1,"minecraft:kelp":1,"minecraft:iron_ingot":12,"minecraft:stone_pickaxe":2,"minecraft:cooked_chicken":4,"minecraft:gray_bed":2,"minecraft:sculk_catalyst":1,"minecraft:smooth_basalt":2,"minecraft:pumpkin":8,"minecraft:sculk":11,"vinery:taiga_grape_seeds_red":2,"born_in_chaos_v1:ethereal_spirit":1,"minecraft:dripstone_block":13,"minecraft:gravel":34,"mcwfurnitures:spruce_bookshelf_cupboard":2,"alexscaves:tree_star":12,"born_in_chaos_v1:dark_rod":1,"minecraft:amethyst_shard":10,"gnumus:gnumus_cheese":1,"minecraft:spruce_sapling":4,"minecraft:spruce_log":25,"minecraft:spider_eye":2,"minecraft:sculk_sensor":23,"minecraft:slime_ball":3,"minecraft:cherry_sapling":80,"minecraft:baked_potato":2,"minecraft:coal":264}},"DataVersion":3465}