{"stats":{"minecraft:custom":{"minecraft:time_since_rest":180,"minecraft:crouch_one_cm":70,"minecraft:play_time":4804,"minecraft:sprint_one_cm":8503,"minecraft:deaths":1,"minecraft:damage_taken":241,"minecraft:walk_one_cm":15836,"minecraft:sneak_time":13,"minecraft:mob_kills":2,"minecraft:jump":194,"minecraft:damage_dealt":544,"minecraft:time_since_death":148,"minecraft:total_world_time":4804,"minecraft:interact_with_crafting_table":1,"minecraft:fly_one_cm":17544,"minecraft:fall_one_cm":3791},"minecraft:used":{"minecraft:crafting_table":1},"minecraft:killed_by":{"minecraft:player":1},"minecraft:mined":{"minecraft:pink_petals":1,"minecraft:grass":4,"minecraft:powder_snow":3,"treechop:chopped_log":1},"minecraft:picked_up":{"born_in_chaos_v1:monster_skin":3,"minecraft:pink_petals":4,"minecraft:bone":2,"minecraft:rotten_flesh":2,"minecraft:cherry_sapling":4,"minecraft:cherry_log":8,"born_in_chaos_v1:nightmare_claw":1},"minecraft:killed":{"minecraft:spider":1,"born_in_chaos_v1:decrepit_skeleton":1},"minecraft:crafted":{"minecraft:cherry_planks":32,"minecraft:wooden_sword":1,"minecraft:crafting_table":1,"minecraft:stick":4}},"DataVersion":3465}