{"stats":{"minecraft:custom":{"minecraft:interact_with_furnace":39,"minecraft:mob_kills":29,"minecraft:interact_with_crafting_table":37,"minecraft:open_barrel":15,"minecraft:damage_dealt_resisted":167,"minecraft:leave_game":6,"minecraft:time_since_death":4699,"minecraft:time_since_rest":4727,"minecraft:sprint_one_cm":167181,"minecraft:damage_taken":4424,"minecraft:walk_one_cm":253437,"minecraft:damage_blocked_by_shield":675,"minecraft:drop":58,"minecraft:damage_dealt":5886,"minecraft:player_kills":1,"minecraft:swim_one_cm":7849,"minecraft:fly_one_cm":204887,"minecraft:crouch_one_cm":9828,"minecraft:open_chest":20,"minecraft:play_time":87561,"minecraft:sneak_time":2131,"minecraft:deaths":15,"minecraft:walk_under_water_one_cm":8157,"minecraft:jump":1754,"minecraft:walk_on_water_one_cm":9876,"minecraft:total_world_time":87561,"minecraft:interact_with_smoker":7,"minecraft:fall_one_cm":48133},"minecraft:broken":{"vanillaplustools:stone_hammer":3},"minecraft:used":{"minecraft:beetroot":6,"minecraft:diorite":12,"minecraft:cobblestone_stairs":18,"minecraft:stone_pickaxe":19,"minecraft:chest":10,"minecraft:wooden_pickaxe":17,"minecraft:rotten_flesh":4,"minecraft:shield":24,"minecraft:leather_chestplate":1,"minecraft:iron_sword":98,"minecraft:cherry_planks":39,"vanillaplustools:stone_hammer":470,"minecraft:torch":58,"minecraft:crafting_table":5,"minecraft:smoker":1,"born_in_chaos_v1:corpse_maggot":4,"minecraft:cherry_door":3,"minecraft:iron_pickaxe":9,"minecraft:gravel":2,"minecraft:stone_axe":39,"minecraft:wooden_sword":21,"minecraft:cobblestone":24,"vanillaplustools:iron_hammer":58,"minecraft:furnace":8,"minecraft:cooked_cod":4,"minecraft:andesite":1,"minecraft:gray_bed":2,"minecraft:bucket":1,"minecraft:cobbled_deepslate":8},"minecraft:killed_by":{"minecraft:warden":2,"minecraft:player":2,"born_in_chaos_v1:nightmare_stalker":2,"minecraft:skeleton":2,"artifacts:mimic":1,"minecraft:zombie":3,"born_in_chaos_v1:corpse_fish":1},"minecraft:mined":{"minecraft:tuff":65,"minecraft:cherry_planks":2,"minecraft:deepslate_diamond_ore":6,"minecraft:smoker":2,"minecraft:powder_snow":25,"minecraft:crafting_table":2,"minecraft:granite":3,"gravestone:gravestone":16,"vinery:taiga_grape_bush_red":1,"minecraft:grass_block":1,"minecraft:sculk_sensor":2,"minecraft:copper_ore":32,"minecraft:cobblestone":12,"minecraft:diorite":62,"minecraft:wall_torch":2,"minecraft:pink_petals":4,"minecraft:cobblestone_wall":1,"minecraft:iron_ore":74,"minecraft:cobbled_deepslate":2,"minecraft:gray_bed":2,"minecraft:andesite":114,"treechop:chopped_log":4,"minecraft:grass":5,"minecraft:coal_ore":93,"minecraft:deepslate_iron_ore":23,"minecraft:gravel":2,"minecraft:dirt":8,"minecraft:stone":3158,"minecraft:deepslate":488,"minecraft:deepslate_redstone_ore":1},"minecraft:dropped":{"minecraft:gravel":8,"minecraft:water_bucket":1,"minecraft:cherry_log":4,"minecraft:cobblestone_wall":1,"alexsmobs:animal_dictionary":1,"minecraft:cobbled_deepslate":17,"minecraft:rotten_flesh":9,"minecraft:cobblestone":325,"minecraft:leather_chestplate":1,"minecraft:dirt":8,"minecraft:diorite":3,"minecraft:torch":2,"minecraft:cooked_cod":10,"minecraft:cherry_planks":5,"vanillaplustools:stone_hammer":1,"gravestone:obituary":20,"minecraft:wooden_sword":1,"minecraft:bone_meal":1,"minecraft:stone_pickaxe":3,"minecraft:wooden_pickaxe":1},"minecraft:picked_up":{"minecraft:pink_petals":9,"born_in_chaos_v1:corpse_maggot":4,"minecraft:crafting_table":2,"minecraft:leather_chestplate":1,"minecraft:cherry_planks":2,"minecraft:glow_ink_sac":1,"minecraft:andesite":89,"minecraft:smoker":2,"minecraft:tuff":69,"gravestone:obituary":8,"artifacts:cloud_in_a_bottle":3,"minecraft:gunpowder":2,"minecraft:cobblestone_wall":1,"minecraft:string":5,"minecraft:dirt":8,"minecraft:raw_copper":100,"artifacts:power_glove":1,"born_in_chaos_v1:monster_skin":3,"minecraft:bone":4,"minecraft:cobbled_deepslate":566,"minecraft:iron_ingot":11,"minecraft:stone_pickaxe":2,"minecraft:gray_bed":2,"minecraft:stick":27,"minecraft:raw_iron":97,"vinery:taiga_grape_seeds_red":2,"minecraft:torch":4,"minecraft:gravel":12,"minecraft:cherry_log":57,"minecraft:redstone":5,"minecraft:diorite":72,"born_in_chaos_v1:nightmare_claw":1,"artifacts:snorkel":2,"minecraft:rotten_flesh":22,"minecraft:diamond":6,"minecraft:cherry_sapling":36,"minecraft:bone_meal":1,"minecraft:coal":112,"minecraft:cobblestone":3373},"minecraft:killed":{"minecraft:spider":1,"minecraft:creeper":1,"born_in_chaos_v1:decrepit_skeleton":1,"born_in_chaos_v1:maggot":3,"minecraft:skeleton":1,"minecraft:zombie":12,"born_in_chaos_v1:corpse_fly":5,"born_in_chaos_v1:corpse_fish":1,"minecraft:glow_squid":1,"artifacts:mimic":3},"minecraft:crafted":{"minecraft:cherry_planks":244,"minecraft:wooden_sword":1,"minecraft:cooked_cod":14,"sophisticatedbackpacks:backpack":1,"vanillaplustools:stone_hammer":8,"minecraft:crafting_table":4,"minecraft:wooden_pickaxe":1,"minecraft:iron_helmet":1,"minecraft:iron_sword":1,"minecraft:furnace":8,"minecraft:cobblestone_stairs":40,"minecraft:stone_axe":1,"minecraft:air":0,"vanillaplustools:iron_hammer":1,"minecraft:iron_chestplate":1,"minecraft:iron_boots":1,"minecraft:leather":4,"minecraft:shield":1,"minecraft:stick":152,"minecraft:iron_ingot":54,"minecraft:iron_pickaxe":10,"minecraft:stone_pickaxe":73,"minecraft:chest":11,"minecraft:iron_leggings":1,"minecraft:cherry_door":3,"minecraft:torch":64,"sophisticatedbackpacks:iron_backpack":1}},"DataVersion":3465}