{"stats":{"minecraft:custom":{"minecraft:mob_kills":34,"minecraft:interact_with_crafting_table":38,"minecraft:open_barrel":16,"minecraft:damage_dealt_resisted":167,"minecraft:leave_game":7,"minecraft:time_since_death":15234,"minecraft:sprint_one_cm":179687,"minecraft:walk_one_cm":289565,"minecraft:damage_blocked_by_shield":885,"minecraft:drop":61,"minecraft:play_time":98096,"minecraft:deaths":15,"minecraft:sneak_time":3379,"minecraft:walk_under_water_one_cm":8584,"minecraft:jump":1999,"minecraft:walk_on_water_one_cm":10330,"minecraft:total_world_time":98096,"minecraft:interact_with_furnace":41,"minecraft:time_since_rest":15262,"minecraft:damage_taken":4606,"minecraft:damage_absorbed":40,"minecraft:damage_dealt":6871,"minecraft:swim_one_cm":7849,"minecraft:fly_one_cm":224219,"minecraft:player_kills":1,"minecraft:open_chest":23,"minecraft:crouch_one_cm":15630,"minecraft:interact_with_smoker":7,"minecraft:fall_one_cm":53591},"minecraft:used":{"minecraft:beetroot":6,"minecraft:chest":10,"minecraft:shield":27,"minecraft:iron_sword":108,"vanillaplustools:stone_hammer":480,"minecraft:rotten_flesh":4,"minecraft:torch":68,"born_in_chaos_v1:corpse_maggot":4,"minecraft:furnace":9,"minecraft:cooked_cod":4,"minecraft:gray_bed":2,"minecraft:cobbled_deepslate":31,"minecraft:diorite":12,"minecraft:cobblestone_stairs":18,"minecraft:stone_pickaxe":19,"minecraft:leather_chestplate":1,"minecraft:wooden_pickaxe":17,"minecraft:cherry_planks":39,"minecraft:golden_apple":1,"minecraft:glow_berries":10,"minecraft:crafting_table":6,"minecraft:smoker":1,"minecraft:cherry_door":3,"minecraft:iron_pickaxe":13,"minecraft:gravel":2,"minecraft:stone_axe":39,"minecraft:wooden_sword":21,"minecraft:cobblestone":24,"vanillaplustools:iron_hammer":82,"minecraft:andesite":1,"minecraft:bucket":1},"minecraft:broken":{"vanillaplustools:stone_hammer":3},"minecraft:killed_by":{"minecraft:player":2,"born_in_chaos_v1:nightmare_stalker":2,"minecraft:warden":2,"minecraft:skeleton":2,"artifacts:mimic":1,"minecraft:zombie":3,"born_in_chaos_v1:corpse_fish":1},"minecraft:mined":{"minecraft:tuff":74,"minecraft:deepslate_diamond_ore":7,"minecraft:sculk_vein":1,"gravestone:gravestone":16,"minecraft:granite":3,"vinery:taiga_grape_bush_red":1,"minecraft:grass_block":1,"minecraft:redstone_ore":5,"minecraft:iron_ore":80,"minecraft:cobbled_deepslate":4,"minecraft:andesite":115,"treechop:chopped_log":4,"minecraft:deepslate_lapis_ore":2,"minecraft:deepslate_iron_ore":50,"minecraft:stone":3176,"minecraft:deepslate_redstone_ore":2,"minecraft:cherry_planks":2,"minecraft:smoker":2,"minecraft:powder_snow":25,"minecraft:crafting_table":2,"minecraft:torch":1,"minecraft:sculk_sensor":3,"minecraft:copper_ore":32,"minecraft:cobblestone":12,"minecraft:lapis_ore":4,"minecraft:sculk":2,"minecraft:diorite":76,"minecraft:wall_torch":2,"minecraft:pink_petals":4,"minecraft:cobblestone_wall":1,"minecraft:gray_bed":2,"minecraft:grass":5,"minecraft:coal_ore":93,"minecraft:dirt":8,"minecraft:gravel":5,"minecraft:dripstone_block":8,"minecraft:deepslate":667},"minecraft:crafted":{"minecraft:cherry_planks":244,"minecraft:wooden_sword":1,"vanillaplustools:stone_hammer":8,"minecraft:furnace":9,"minecraft:cobblestone_stairs":40,"vanillaplustools:iron_hammer":1,"minecraft:iron_boots":1,"minecraft:leather":4,"minecraft:stone_pickaxe":73,"minecraft:chest":11,"sophisticatedbackpacks:iron_backpack":1,"minecraft:cooked_cod":14,"sophisticatedbackpacks:backpack":1,"minecraft:crafting_table":4,"minecraft:wooden_pickaxe":1,"minecraft:iron_helmet":1,"minecraft:iron_sword":1,"minecraft:stone_axe":1,"minecraft:air":0,"minecraft:iron_chestplate":1,"minecraft:shield":1,"minecraft:stick":152,"minecraft:iron_pickaxe":10,"minecraft:iron_ingot":54,"minecraft:cherry_door":3,"minecraft:iron_leggings":1,"minecraft:torch":64},"minecraft:dropped":{"minecraft:water_bucket":1,"minecraft:cherry_log":4,"minecraft:cobblestone":325,"minecraft:dirt":8,"minecraft:diorite":3,"minecraft:torch":2,"minecraft:cooked_cod":10,"minecraft:cherry_planks":5,"gravestone:obituary":20,"minecraft:wooden_sword":1,"minecraft:bone_meal":1,"minecraft:bone":2,"minecraft:gravel":8,"minecraft:cobbled_deepslate":81,"alexsmobs:animal_dictionary":1,"minecraft:cobblestone_wall":1,"minecraft:rotten_flesh":9,"minecraft:leather_chestplate":1,"minecraft:andesite":1,"vanillaplustools:stone_hammer":1,"minecraft:wooden_pickaxe":1,"minecraft:stone_pickaxe":3},"minecraft:killed":{"minecraft:cave_spider":1,"minecraft:spider":1,"born_in_chaos_v1:maggot":3,"minecraft:skeleton":3,"born_in_chaos_v1:corpse_fish":1,"artifacts:mimic":3,"born_in_chaos_v1:barrel_zombie":1,"minecraft:creeper":1,"born_in_chaos_v1:decrepit_skeleton":1,"minecraft:zombie":13,"born_in_chaos_v1:corpse_fly":5,"minecraft:glow_squid":1},"minecraft:picked_up":{"minecraft:crafting_table":2,"gravestone:obituary":8,"minecraft:string":8,"minecraft:raw_copper":100,"artifacts:power_glove":1,"minecraft:cobbled_deepslate":710,"minecraft:stick":27,"minecraft:raw_iron":130,"minecraft:torch":5,"minecraft:cherry_log":57,"minecraft:diorite":86,"born_in_chaos_v1:nightmare_claw":1,"minecraft:redstone":27,"artifacts:snorkel":2,"minecraft:rotten_flesh":25,"minecraft:cobblestone":3387,"born_in_chaos_v1:corpse_maggot":4,"minecraft:pink_petals":9,"minecraft:leather_chestplate":1,"minecraft:cherry_planks":2,"minecraft:glow_ink_sac":3,"minecraft:andesite":90,"minecraft:smoker":2,"minecraft:tuff":77,"minecraft:gunpowder":2,"minecraft:cobblestone_wall":1,"artifacts:cloud_in_a_bottle":3,"minecraft:lapis_lazuli":31,"minecraft:dirt":8,"born_in_chaos_v1:monster_skin":3,"minecraft:bone":6,"minecraft:kelp":1,"minecraft:stone_pickaxe":2,"minecraft:iron_ingot":11,"minecraft:gray_bed":2,"vinery:taiga_grape_seeds_red":2,"minecraft:gravel":15,"minecraft:dripstone_block":8,"minecraft:slime_ball":1,"minecraft:diamond":7,"minecraft:bone_meal":1,"minecraft:cherry_sapling":36,"born_in_chaos_v1:rotten_fish":2,"minecraft:coal":112}},"DataVersion":3465}