{"stats":{"minecraft:dropped":{"minecraft:water_bucket":1,"minecraft:cherry_log":4,"minecraft:baked_potato":3,"minecraft:cobblestone":410,"minecraft:sculk_vein":3,"gnumus:gnumus_pickaxe":1,"gnumus:mouse_skin":4,"minecraft:dirt":8,"minecraft:sculk":1,"minecraft:diorite":28,"minecraft:iron_trapdoor":1,"born_in_chaos_v1:monster_skin":1,"minecraft:torch":2,"minecraft:cooked_cod":10,"minecraft:cherry_planks":5,"minecraft:snowball":2,"minecraft:chain":1,"gravestone:obituary":23,"minecraft:wooden_sword":1,"minecraft:bone_meal":1,"minecraft:string":9,"minecraft:smooth_basalt":2,"minecraft:bone":2,"minecraft:gravel":8,"minecraft:cobblestone_wall":1,"alexsmobs:animal_dictionary":2,"minecraft:cobbled_deepslate":811,"minecraft:tuff":86,"minecraft:pointed_dripstone":2,"minecraft:cherry_sapling":18,"minecraft:rotten_flesh":9,"minecraft:suspicious_stew":2,"minecraft:leather_chestplate":1,"minecraft:andesite":1,"vanillaplustools:stone_hammer":1,"minecraft:stone_pressure_plate":1,"minecraft:arrow":3,"minecraft:stone_pickaxe":3,"minecraft:wooden_pickaxe":1},"minecraft:broken":{"vanillaplustools:stone_hammer":3,"gnumus:gnumus_pickaxe":1},"minecraft:killed_by":{"minecraft:player":2,"born_in_chaos_v1:nightmare_stalker":2,"born_in_chaos_v1:zombie_bruiser":1,"minecraft:warden":2,"minecraft:skeleton":3,"artifacts:mimic":1,"minecraft:zombie":3,"born_in_chaos_v1:corpse_fish":1},"minecraft:custom":{"minecraft:interact_with_anvil":1,"minecraft:mob_kills":83,"minecraft:interact_with_crafting_table":52,"minecraft:open_barrel":18,"minecraft:damage_dealt_resisted":1157,"minecraft:leave_game":11,"minecraft:time_since_death":100925,"minecraft:climb_one_cm":6652,"minecraft:sprint_one_cm":302563,"minecraft:walk_one_cm":455073,"minecraft:damage_blocked_by_shield":1530,"minecraft:drop":106,"minecraft:play_time":215274,"minecraft:sneak_time":22564,"minecraft:deaths":17,"minecraft:walk_under_water_one_cm":9252,"minecraft:jump":3855,"minecraft:walk_on_water_one_cm":17833,"minecraft:total_world_time":215274,"minecraft:interact_with_furnace":72,"minecraft:interact_with_loom":1,"minecraft:sleep_in_bed":1,"minecraft:time_since_rest":28089,"minecraft:damage_taken":6796,"minecraft:damage_absorbed":40,"minecraft:damage_dealt":16040,"minecraft:player_kills":1,"minecraft:swim_one_cm":7849,"minecraft:fly_one_cm":777114,"minecraft:open_chest":64,"minecraft:crouch_one_cm":110594,"minecraft:interact_with_smoker":41,"minecraft:fall_one_cm":227100},"minecraft:killed":{"minecraft:cave_spider":3,"born_in_chaos_v1:restless_spirit":1,"minecraft:spider":2,"born_in_chaos_v1:zombie_bruiser":1,"born_in_chaos_v1:maggot":9,"minecraft:skeleton":7,"gnumus:gnumus_hunter":1,"born_in_chaos_v1:corpse_fish":2,"artifacts:mimic":3,"born_in_chaos_v1:barrel_zombie":1,"minecraft:zombie_villager":2,"born_in_chaos_v1:diamond_termite":4,"born_in_chaos_v1:swarmer":1,"minecraft:creeper":4,"born_in_chaos_v1:decrepit_skeleton":4,"born_in_chaos_v1:decaying_zombie":1,"minecraft:zombie":22,"born_in_chaos_v1:dread_hound":1,"born_in_chaos_v1:corpse_fly":11,"minecraft:glow_squid":1,"born_in_chaos_v1:door_knight":1},"minecraft:used":{"minecraft:beetroot":6,"minecraft:diamond_hoe":110,"minecraft:chest":10,"born_in_chaos_v1:smoked_fish":2,"minecraft:shield":37,"minecraft:iron_sword":137,"minecraft:sculk":1,"vanillaplustools:stone_hammer":481,"minecraft:rotten_flesh":4,"minecraft:torch":75,"minecraft:anvil":1,"minecraft:tuff":3,"born_in_chaos_v1:corpse_maggot":4,"born_in_chaos_v1:smoked_flesh":25,"minecraft:golden_carrot":10,"minecraft:furnace":12,"minecraft:cooked_cod":6,"minecraft:gray_bed":2,"minecraft:cobbled_deepslate":33,"born_in_chaos_v1:trident_hayfork":98,"minecraft:diorite":12,"minecraft:cobblestone_stairs":18,"minecraft:stone_pickaxe":19,"minecraft:wooden_pickaxe":17,"minecraft:leather_chestplate":1,"minecraft:cherry_planks":39,"minecraft:golden_apple":1,"minecraft:glow_berries":10,"minecraft:tnt":2,"minecraft:crafting_table":8,"gnumus:gnumus_pickaxe":6,"minecraft:smoker":4,"minecraft:redstone_torch":2,"minecraft:diamond_pickaxe":4,"minecraft:cherry_door":3,"minecraft:iron_pickaxe":38,"born_in_chaos_v1:smoked_monster_flesh":1,"minecraft:gravel":5,"minecraft:stone_axe":39,"minecraft:cobblestone":43,"minecraft:wooden_sword":21,"vanillaplustools:iron_hammer":223,"minecraft:andesite":1,"minecraft:bucket":1},"minecraft:mined":{"minecraft:tuff":78,"minecraft:stone_pressure_plate":1,"minecraft:deepslate_diamond_ore":15,"minecraft:sculk_vein":5,"minecraft:granite":43,"gravestone:gravestone":18,"minecraft:budding_amethyst":32,"vinery:taiga_grape_bush_red":1,"minecraft:grass_block":1,"minecraft:deepslate_bricks":1,"minecraft:deepslate_tile_stairs":6,"minecraft:redstone_ore":5,"minecraft:sculk_catalyst":1,"minecraft:furnace":3,"minecraft:iron_ore":101,"minecraft:cobbled_deepslate":15,"minecraft:andesite":115,"treechop:chopped_log":4,"minecraft:anvil":1,"minecraft:deepslate_lapis_ore":4,"biomesoplenty:hanging_cobweb":3,"minecraft:sculk_shrieker":31,"minecraft:polished_deepslate":3,"minecraft:pointed_dripstone":1,"minecraft:deepslate_iron_ore":50,"minecraft:small_amethyst_bud":2,"biomesoplenty:webbing":2,"minecraft:deepslate_brick_stairs":1,"minecraft:stripped_oak_log":1,"minecraft:packed_ice":3,"minecraft:stone":3268,"minecraft:redstone_wall_torch":1,"minecraft:deepslate_redstone_ore":2,"minecraft:cherry_planks":2,"minecraft:medium_amethyst_bud":1,"minecraft:smoker":5,"minecraft:amethyst_cluster":3,"born_in_chaos_v1:infected_deepslate_diamond_ore":3,"minecraft:powder_snow":25,"minecraft:crafting_table":4,"minecraft:torch":2,"minecraft:calcite":141,"minecraft:sculk_sensor":56,"minecraft:copper_ore":32,"minecraft:cobblestone":12,"minecraft:deepslate_gold_ore":4,"minecraft:lapis_ore":4,"minecraft:oak_planks":2,"minecraft:sculk":37,"minecraft:diorite":86,"minecraft:wall_torch":2,"minecraft:amethyst_block":266,"minecraft:pink_petals":4,"minecraft:cobblestone_wall":1,"minecraft:gray_bed":2,"minecraft:tnt":1,"minecraft:grass":5,"minecraft:coal_ore":130,"minecraft:gravel":12,"minecraft:dirt":8,"minecraft:dripstone_block":14,"biomesoplenty:stringy_cobweb":6,"minecraft:cobweb":9,"minecraft:smooth_basalt":32,"minecraft:gold_ore":6,"minecraft:iron_trapdoor":1,"minecraft:deepslate":1019},"minecraft:picked_up":{"minecraft:crafting_table":4,"born_in_chaos_v1:diamond_termite_shard":5,"minecraft:chicken":3,"minecraft:iron_trapdoor":1,"minecraft:anvil":1,"minecraft:suspicious_stew":1,"gnumus:gnumus_claw":2,"minecraft:chain":1,"gravestone:obituary":9,"minecraft:amethyst_block":191,"minecraft:string":21,"minecraft:raw_copper":100,"artifacts:power_glove":2,"minecraft:sculk_shrieker":14,"minecraft:cobbled_deepslate":1192,"minecraft:deepslate_diamond_ore":4,"minecraft:redstone_torch":1,"minecraft:calcite":128,"minecraft:furnace":3,"minecraft:stick":27,"minecraft:raw_iron":151,"minecraft:torch":6,"minecraft:cherry_log":57,"minecraft:pointed_dripstone":2,"minecraft:diorite":96,"born_in_chaos_v1:nightmare_claw":1,"minecraft:redstone":27,"minecraft:stone_pressure_plate":1,"minecraft:tnt":1,"artifacts:snorkel":3,"minecraft:arrow":3,"minecraft:rotten_flesh":46,"born_in_chaos_v1:trident_hayfork":1,"gnumus:mouse_skin":5,"minecraft:cod":3,"minecraft:cobblestone":3474,"minecraft:stripped_oak_log":1,"born_in_chaos_v1:corpse_maggot":16,"minecraft:pink_petals":9,"minecraft:leather_chestplate":1,"minecraft:cherry_planks":2,"born_in_chaos_v1:monster_flesh":1,"minecraft:glow_ink_sac":9,"minecraft:andesite":90,"minecraft:smoker":5,"minecraft:flint":2,"minecraft:tuff":93,"minecraft:oak_log":2,"minecraft:cobblestone_wall":1,"artifacts:cloud_in_a_bottle":4,"minecraft:gunpowder":2,"minecraft:lapis_lazuli":44,"minecraft:sculk_vein":3,"gnumus:gnumus_pickaxe":1,"minecraft:dirt":8,"gnumus:gnumus_pouch_2":1,"born_in_chaos_v1:monster_skin":3,"minecraft:bone":15,"minecraft:kelp":1,"minecraft:raw_gold":10,"minecraft:iron_ingot":11,"minecraft:stone_pickaxe":2,"minecraft:gray_bed":2,"minecraft:oak_planks":2,"minecraft:sculk_catalyst":1,"minecraft:smooth_basalt":2,"minecraft:sculk":11,"vinery:taiga_grape_seeds_red":2,"minecraft:dripstone_block":13,"minecraft:gravel":20,"minecraft:amethyst_shard":10,"gnumus:gnumus_cheese":1,"sophisticatedbackpacks:iron_backpack":1,"minecraft:spider_eye":2,"minecraft:sculk_sensor":23,"minecraft:slime_ball":1,"minecraft:diamond":16,"minecraft:granite":40,"minecraft:bone_meal":1,"minecraft:cherry_sapling":45,"minecraft:baked_potato":2,"born_in_chaos_v1:rotten_fish":5,"minecraft:coal":219},"minecraft:crafted":{"minecraft:cherry_planks":244,"minecraft:wooden_sword":1,"vanillaplustools:stone_hammer":8,"minecraft:cooked_chicken":3,"minecraft:furnace":9,"minecraft:cobblestone_stairs":40,"born_in_chaos_v1:smoked_monster_flesh":1,"vanillaplustools:iron_hammer":1,"minecraft:iron_boots":1,"minecraft:leather":4,"minecraft:stone_pickaxe":73,"minecraft:chest":11,"sophisticatedbackpacks:iron_backpack":1,"minecraft:cooked_cod":17,"sophisticatedbackpacks:backpack":1,"born_in_chaos_v1:smoked_fish":5,"minecraft:crafting_table":4,"minecraft:iron_helmet":1,"minecraft:wooden_pickaxe":1,"minecraft:iron_sword":1,"sophisticatedbackpacks:gold_backpack":1,"minecraft:stone_axe":1,"minecraft:air":0,"gnumus:gnumus_pickaxe":1,"minecraft:iron_chestplate":1,"minecraft:diamond_pickaxe":1,"minecraft:shield":1,"minecraft:gold_nugget":9,"minecraft:stick":156,"born_in_chaos_v1:smoked_flesh":33,"minecraft:iron_ingot":54,"minecraft:iron_pickaxe":10,"minecraft:iron_leggings":1,"minecraft:cherry_door":3,"minecraft:gold_ingot":10,"minecraft:redstone_torch":1,"minecraft:torch":64}},"DataVersion":3465}