{"stats":{"minecraft:killed_by":{"born_in_chaos_v1:nightmare_stalker":2,"born_in_chaos_v1:zombie_bruiser":1,"artifacts:mimic":1,"minecraft:zombie":4,"minecraft:player":2,"minecraft:warden":2,"minecraft:skeleton":3,"born_in_chaos_v1:corpse_fish":1},"minecraft:crafted":{"minecraft:oak_planks":12,"gnumus:grilled_juicy_meat":12,"cataclysm:sticky_gloves":1,"minecraft:cooked_chicken":3,"minecraft:cobblestone_stairs":40,"minecraft:bookshelf":6,"minecraft:cooked_mutton":12,"minecraft:glass":2,"born_in_chaos_v1:dark_ritual_dagger":1,"vanillaplustools:iron_hammer":3,"minecraft:iron_boots":1,"minecraft:chest":13,"gnumus:pileof_gnumus_doubloons":1,"mcwfurnitures:cabinet_door":2,"minecraft:stone_bricks":184,"minecraft:cooked_rabbit":6,"sophisticatedbackpacks:backpack":1,"born_in_chaos_v1:smoked_fish":5,"minecraft:cooked_porkchop":5,"vinery:grapevine_stem":8,"beachparty:mini_fridge":1,"minecraft:crafting_table":4,"minecraft:spruce_planks":44,"minecraft:wooden_pickaxe":1,"minecraft:iron_helmet":1,"handcrafted:cherry_table":2,"mcwfurnitures:spruce_bookshelf_cupboard":8,"gnumus:gnumus_pickaxe":3,"biomesoplenty:fir_planks":132,"minecraft:stone_brick_stairs":4,"minecraft:iron_chestplate":1,"minecraft:book":2,"minecraft:paper":6,"minecraft:diamond_pickaxe":1,"minecraft:shield":1,"minecraft:stick":216,"born_in_chaos_v1:smoked_flesh":55,"minecraft:iron_ingot":249,"minecraft:iron_pickaxe":26,"minecraft:gold_ingot":10,"minecraft:redstone_torch":1,"biomesoplenty:fir_door":3,"minecraft:cherry_planks":360,"minecraft:wooden_sword":1,"vanillaplustools:stone_hammer":8,"minecraft:iron_nugget":18,"minecraft:furnace":9,"born_in_chaos_v1:smoked_monster_flesh":2,"minecraft:flint_and_steel":1,"born_in_chaos_v1:bone_handle":1,"minecraft:leather":6,"minecraft:iron_axe":1,"minecraft:stone_pickaxe":73,"minecraft:wheat":54,"sophisticatedbackpacks:iron_backpack":1,"minecraft:cooked_cod":25,"handcrafted:skeleton_trophy":2,"bakery:sandwich":23,"minecraft:enchanting_table":1,"minecraft:iron_sword":1,"sophisticatedbackpacks:gold_backpack":1,"minecraft:bucket":1,"born_in_chaos_v1:bone_heart":2,"minecraft:stone_axe":1,"minecraft:air":0,"beautify:lamp_candelabra":1,"minecraft:gold_nugget":9,"minecraft:cherry_door":3,"minecraft:iron_leggings":1,"minecraft:torch":116},"minecraft:dropped":{"biomesoplenty:fir_log":64,"minecraft:baked_potato":3,"minecraft:glass_bottle":1,"gnumus:gnumus_pickaxe":1,"gnumus:mouse_skin":4,"minecraft:dirt":9,"minecraft:red_bed":2,"born_in_chaos_v1:monster_skin":1,"minecraft:cooked_cod":11,"minecraft:snowball":222,"minecraft:chain":2,"gravestone:obituary":24,"minecraft:wooden_sword":1,"minecraft:bone_meal":1,"minecraft:iron_pickaxe":5,"minecraft:bone":14,"minecraft:gravel":23,"minecraft:cooked_chicken":7,"alexsmobs:animal_dictionary":2,"minecraft:cobbled_deepslate":1082,"minecraft:pointed_dripstone":2,"minecraft:cherry_sapling":18,"minecraft:rotten_flesh":9,"minecraft:leather_chestplate":1,"born_in_chaos_v1:corpse_maggot":12,"vanillaplustools:stone_hammer":1,"mcwfurnitures:spruce_bookshelf_cupboard":1,"minecraft:arrow":3,"minecraft:water_bucket":1,"minecraft:cherry_log":4,"minecraft:dripstone_block":3,"minecraft:cobblestone":870,"minecraft:sculk_vein":3,"minecraft:granite":4,"minecraft:golden_apple":1,"minecraft:stick":17,"alexscaves:trilocaris_tail":1,"born_in_chaos_v1:black_argillite":13,"minecraft:sculk":1,"minecraft:diorite":28,"minecraft:iron_trapdoor":1,"minecraft:torch":2,"minecraft:cherry_planks":5,"minecraft:potion":1,"minecraft:iron_leggings":2,"alexscaves:limestone":49,"minecraft:string":12,"minecraft:pink_petals":9,"minecraft:smooth_basalt":2,"minecraft:moss_carpet":6,"minecraft:cobblestone_wall":1,"minecraft:raw_copper":7,"minecraft:tuff":117,"alexscaves:fiddlehead":4,"alexscaves:tree_star":16,"minecraft:stripped_oak_log":1,"minecraft:suspicious_stew":2,"minecraft:stone":63,"minecraft:flower_pot":1,"minecraft:iron_chestplate":1,"minecraft:andesite":80,"minecraft:golden_leggings":1,"minecraft:stone_pressure_plate":1,"minecraft:spider_eye":2,"minecraft:bow":1,"minecraft:stone_pickaxe":3,"minecraft:wooden_pickaxe":1},"minecraft:custom":{"minecraft:interact_with_crafting_table":96,"minecraft:open_barrel":43,"minecraft:leave_game":26,"minecraft:time_since_death":142333,"minecraft:damage_resisted":10,"minecraft:sprint_one_cm":632647,"minecraft:damage_blocked_by_shield":2190,"minecraft:drop":208,"minecraft:talked_to_villager":2,"minecraft:play_time":505481,"minecraft:deaths":18,"minecraft:jump":8822,"minecraft:walk_on_water_one_cm":45005,"minecraft:enchant_item":9,"minecraft:interact_with_furnace":118,"minecraft:interact_with_cartography_table":1,"minecraft:interact_with_loom":1,"minecraft:sleep_in_bed":5,"minecraft:waystone_activated":2,"minecraft:damage_dealt":49680,"minecraft:player_kills":1,"minecraft:crouch_one_cm":128215,"minecraft:interact_with_smoker":84,"minecraft:horse_one_cm":239014,"minecraft:interact_with_anvil":8,"minecraft:mob_kills":259,"minecraft:damage_dealt_resisted":3601,"minecraft:climb_one_cm":11317,"minecraft:walk_one_cm":1295225,"minecraft:damage_dealt_absorbed":30,"minecraft:sneak_time":27980,"minecraft:walk_under_water_one_cm":16192,"minecraft:interact_with_blast_furnace":2,"minecraft:total_world_time":505481,"minecraft:pot_flower":1,"minecraft:time_since_rest":35924,"minecraft:damage_taken":12829,"minecraft:damage_absorbed":40,"minecraft:swim_one_cm":14719,"minecraft:fly_one_cm":2247532,"minecraft:open_chest":225,"minecraft:fall_one_cm":610488},"minecraft:picked_up":{"minecraft:iron_chestplate":1,"minecraft:iron_trapdoor":1,"minecraft:redstone_block":1,"minecraft:flower_pot":2,"minecraft:anvil":3,"minecraft:suspicious_stew":1,"gnumus:gnumus_claw":12,"alexscaves:trilocaris_tail":1,"minecraft:stone_brick_stairs":1,"minecraft:brewing_stand":1,"minecraft:amethyst_block":191,"alexscaves:smooth_limestone":1,"born_in_chaos_v1:black_argillite":26,"minecraft:string":29,"minecraft:raw_copper":100,"minecraft:iron_leggings":1,"minecraft:armor_stand":5,"minecraft:zombie_head":3,"minecraft:sculk_shrieker":14,"minecraft:cobbled_deepslate":1401,"minecraft:comparator":1,"biomesoplenty:fir_planks":1,"minecraft:spruce_planks":7,"minecraft:redstone_torch":1,"minecraft:calcite":128,"minecraft:iron_pickaxe":5,"minecraft:coal_block":3,"minecraft:iron_boots":1,"minecraft:furnace":3,"minecraft:stick":73,"born_in_chaos_v1:shattered_skull":1,"minecraft:torch":16,"minecraft:porkchop":5,"minecraft:cherry_log":131,"minecraft:pointed_dripstone":7,"minecraft:diorite":99,"born_in_chaos_v1:nightmare_claw":2,"minecraft:cactus":1,"minecraft:rotten_flesh":106,"gnumus:gnumus_chickpeas":5,"minecraft:bookshelf":4,"minecraft:obsidian":9,"minecraft:snowball":262,"minecraft:cod":3,"minecraft:cobblestone":4706,"minecraft:birch_log":3,"minecraft:pink_petals":23,"gnumus:gnumus_doubloons":12,"minecraft:leather_chestplate":1,"minecraft:feather":4,"minecraft:cooked_beef":7,"minecraft:repeater":8,"minecraft:cherry_planks":58,"minecraft:andesite":105,"minecraft:jungle_log":1,"gnumus:overripe_carrot":6,"minecraft:golden_leggings":1,"artifacts:thorn_pendant":1,"minecraft:smoker":8,"biomesoplenty:fir_log":128,"minecraft:flint":9,"minecraft:tuff":124,"born_in_chaos_v1:black_argillite_button":2,"alexsmobs:rocky_shell":1,"minecraft:cherry_door":4,"minecraft:lapis_lazuli":84,"minecraft:dirt":68,"minecraft:lantern":7,"gnumus:gnumus_pouch_2":5,"born_in_chaos_v1:monster_skin":7,"minecraft:glass":2,"minecraft:bone":63,"minecraft:chipped_anvil":1,"minecraft:bow":1,"minecraft:wheat_seeds":2,"minecraft:raw_gold":13,"vinery:grapevine_stem":7,"minecraft:rabbit":6,"minecraft:bamboo":1,"minecraft:oak_planks":2,"alexscaves:amber_curiosity":1,"sophisticatedbackpacks:iron_backpack":1,"born_in_chaos_v1:fire_dust":1,"artifacts:golden_hook":1,"minecraft:diamond":38,"gnumus:gnumus_clay":16,"waystones:waystone":1,"minecraft:granite":93,"minecraft:bone_meal":1,"minecraft:bread":25,"born_in_chaos_v1:rotten_fish":7,"sophisticatedbackpacks:gold_backpack":1,"minecraft:crafting_table":6,"born_in_chaos_v1:diamond_termite_shard":8,"handcrafted:cherry_table":3,"minecraft:chicken":3,"born_in_chaos_v1:seedof_chaos":5,"minecraft:packed_ice":2,"minecraft:chain":2,"gravestone:obituary":9,"minecraft:red_bed":3,"biomesoplenty:fir_door":1,"minecraft:moss_carpet":6,"alexscaves:fiddlehead":2,"artifacts:power_glove":2,"born_in_chaos_v1:intoxicating_decoction":3,"minecraft:iron_shovel":1,"minecraft:candle":3,"minecraft:deepslate_diamond_ore":8,"born_in_chaos_v1:gnawed_bones":6,"minecraft:sugar_cane":6,"minecraft:raw_iron":250,"minecraft:stone":412,"alexscaves:cycad":6,"gnumus:juicy_meat":3,"beautify:lamp_candelabra":1,"born_in_chaos_v1:pieceofdarkmetal":14,"minecraft:carrot":1,"minecraft:redstone":29,"minecraft:stone_pressure_plate":1,"minecraft:tnt":1,"artifacts:snorkel":3,"minecraft:arrow":6,"minecraft:hay_block":6,"born_in_chaos_v1:trident_hayfork":2,"gnumus:mouse_skin":21,"minecraft:mutton":12,"minecraft:skeleton_skull":4,"minecraft:white_wool":1,"minecraft:emerald_ore":2,"born_in_chaos_v1:fused_bone":2,"minecraft:stripped_oak_log":2,"born_in_chaos_v1:corpse_maggot":22,"farmersdelight:rich_soil":1,"born_in_chaos_v1:black_argillite_column_slab":1,"born_in_chaos_v1:monster_flesh":5,"minecraft:glow_ink_sac":9,"gnumus:gnumus_pouch":5,"minecraft:ice":7,"alexscaves:limestone":204,"minecraft:oak_log":3,"minecraft:cobblestone_wall":1,"minecraft:gunpowder":7,"artifacts:cloud_in_a_bottle":5,"minecraft:cobblestone_stairs":2,"alexscaves:ambersol":10,"minecraft:sculk_vein":3,"gnumus:gnumus_pickaxe":1,"alexscaves:amber":64,"minecraft:cooked_mutton":4,"biomesoplenty:stripped_fir_log":1,"minecraft:stone_bricks":13,"minecraft:kelp":1,"minecraft:iron_ingot":13,"minecraft:cooked_chicken":4,"minecraft:stone_pickaxe":2,"born_in_chaos_v1:chipped_black_argillite_brick":1,"minecraft:iron_ore":9,"artifacts:kitty_slippers":1,"minecraft:gray_bed":2,"minecraft:book":172,"minecraft:sculk_catalyst":1,"minecraft:smooth_basalt":2,"minecraft:pumpkin":8,"minecraft:sweet_berries":7,"minecraft:sculk":11,"vinery:taiga_grape_seeds_red":2,"born_in_chaos_v1:ethereal_spirit":1,"minecraft:dripstone_block":20,"minecraft:gravel":87,"mcwfurnitures:spruce_bookshelf_cupboard":2,"alexscaves:tree_star":12,"born_in_chaos_v1:dark_rod":1,"minecraft:amethyst_shard":10,"gnumus:gnumus_cheese":2,"minecraft:spruce_sapling":4,"minecraft:blast_furnace":2,"handcrafted:skeleton_trophy":7,"minecraft:spruce_log":25,"minecraft:spider_eye":7,"minecraft:sculk_sensor":23,"minecraft:coal_ore":17,"minecraft:slime_ball":5,"born_in_chaos_v1:black_argillite_brick_slab":2,"minecraft:campfire":2,"minecraft:iron_helmet":1,"minecraft:cherry_sapling":80,"minecraft:baked_potato":2,"minecraft:coal":321},"minecraft:mined":{"mcwfurnitures:spruce_bookshelf_cupboard":1,"minecraft:spruce_planks":10,"farmersdelight:rich_soil":1,"minecraft:stone_pressure_plate":1,"minecraft:cobblestone_stairs":2,"minecraft:cherry_log":2,"minecraft:sculk_vein":172,"sophisticatedbackpacks:gold_backpack":1,"minecraft:potted_cactus":1,"minecraft:brewing_stand":1,"minecraft:obsidian":9,"alexscaves:limestone":725,"minecraft:granite":117,"minecraft:budding_amethyst":32,"vinery:taiga_grape_bush_red":2,"minecraft:grass_block":9,"born_in_chaos_v1:dark_metal_deposit":3,"minecraft:coal_block":3,"minecraft:deepslate_bricks":1,"minecraft:deepslate_tile_stairs":6,"handcrafted:skeleton_trophy":7,"biomesoplenty:stripped_fir_log":1,"minecraft:sculk_catalyst":6,"minecraft:iron_ore":202,"born_in_chaos_v1:black_argillite_brick_slab":1,"minecraft:fire":1,"minecraft:cobbled_deepslate":15,"minecraft:moss_carpet":1,"minecraft:pumpkin":8,"minecraft:anvil":3,"minecraft:deepslate_lapis_ore":4,"biomesoplenty:hanging_cobweb":3,"minecraft:sculk_shrieker":40,"minecraft:pointed_dripstone":1,"minecraft:small_amethyst_bud":2,"biomesoplenty:webbing":2,"alexscaves:ambersol":10,"minecraft:deepslate_brick_stairs":1,"minecraft:deepslate_redstone_ore":2,"alexscaves:amber":85,"minecraft:medium_amethyst_bud":1,"minecraft:red_bed":1,"minecraft:smoker":8,"minecraft:amethyst_cluster":3,"minecraft:powder_snow":39,"minecraft:torch":6,"born_in_chaos_v1:infected_deepslate_diamond_ore":5,"minecraft:blast_furnace":2,"minecraft:calcite":141,"born_in_chaos_v1:black_argillite_column_slab":1,"minecraft:glass":2,"minecraft:cobblestone":20,"minecraft:oak_planks":3,"minecraft:sugar_cane":3,"minecraft:wall_torch":4,"minecraft:amethyst_block":266,"minecraft:pink_petals":10,"minecraft:skeleton_skull":2,"minecraft:repeater":8,"minecraft:cherry_door":4,"minecraft:tnt":1,"minecraft:stone_brick_stairs":1,"minecraft:grass":25,"minecraft:dirt":52,"minecraft:smooth_basalt":32,"minecraft:netherrack":1,"minecraft:oak_leaves":3,"minecraft:deepslate":1667,"minecraft:tuff":158,"minecraft:deepslate_diamond_ore":27,"minecraft:candle":1,"born_in_chaos_v1:infected_diamond_ore":1,"gravestone:gravestone":19,"born_in_chaos_v1:black_argillite":16,"minecraft:redstone_wire":2,"minecraft:spruce_leaves":2,"minecraft:potted_bamboo":1,"minecraft:moss_block":1,"born_in_chaos_v1:gnawed_bones":2,"minecraft:sandstone":27,"minecraft:hay_block":6,"minecraft:redstone_ore":5,"minecraft:furnace":3,"minecraft:snow":4,"minecraft:andesite":141,"treechop:chopped_log":11,"minecraft:polished_deepslate":3,"minecraft:bookshelf":63,"minecraft:deepslate_iron_ore":58,"minecraft:stripped_oak_log":1,"minecraft:packed_ice":5,"vinery:grapevine_stem":6,"minecraft:stone":5436,"biomesoplenty:spider_egg":1,"minecraft:redstone_wall_torch":1,"minecraft:scaffolding":3,"minecraft:redstone_block":1,"minecraft:cherry_planks":58,"minecraft:comparator":1,"handcrafted:cherry_table":3,"minecraft:snow_block":105,"alexscaves:cave_painting_dino_nuggets":1,"minecraft:crafting_table":6,"minecraft:emerald_ore":2,"biomesoplenty:fir_planks":1,"minecraft:sculk_sensor":80,"minecraft:campfire":2,"minecraft:copper_ore":38,"born_in_chaos_v1:chipped_black_argillite_brick":1,"minecraft:lapis_ore":10,"minecraft:deepslate_gold_ore":4,"minecraft:diorite":138,"minecraft:sculk":1556,"minecraft:cobblestone_wall":1,"minecraft:ice":7,"minecraft:gray_bed":2,"minecraft:spruce_log":2,"minecraft:coal_ore":249,"minecraft:zombie_head":1,"alexscaves:cycad":2,"minecraft:gravel":62,"minecraft:dripstone_block":23,"biomesoplenty:stringy_cobweb":6,"minecraft:cobweb":9,"minecraft:stone_bricks":14,"minecraft:gold_ore":12,"minecraft:chipped_anvil":1,"minecraft:iron_trapdoor":1},"minecraft:used":{"minecraft:beetroot":6,"minecraft:iron_shovel":150,"minecraft:diamond_hoe":1830,"minecraft:chest":10,"minecraft:iron_sword":147,"minecraft:shield":51,"minecraft:stone":70,"minecraft:rotten_flesh":4,"alexscaves:ambersol":10,"minecraft:carrot":1,"minecraft:tuff":3,"minecraft:snowball":4,"handcrafted:skeleton_trophy":9,"minecraft:glass":2,"born_in_chaos_v1:corpse_maggot":4,"beautify:lamp_candelabra":2,"born_in_chaos_v1:smoked_flesh":44,"minecraft:lantern":7,"alexscaves:amber":20,"born_in_chaos_v1:gnawed_bones":2,"minecraft:stone_brick_stairs":4,"minecraft:stone_bricks":176,"minecraft:deepslate_diamond_ore":8,"minecraft:sweet_berries":2,"minecraft:furnace":12,"minecraft:cooked_cod":6,"minecraft:gray_bed":2,"gnumus:grilled_juicy_meat":3,"minecraft:diorite":12,"minecraft:stone_pickaxe":19,"minecraft:wooden_pickaxe":17,"minecraft:leather_chestplate":1,"biomesoplenty:fir_planks":76,"minecraft:golden_apple":1,"bakery:sandwich":15,"minecraft:glow_berries":29,"gnumus:gnumus_pickaxe":16,"minecraft:dripstone_block":4,"minecraft:redstone_torch":2,"waystones:waystone":1,"minecraft:gravel":5,"biomesoplenty:stripped_fir_log":1,"born_in_chaos_v1:smoked_monster_flesh":2,"minecraft:wooden_sword":21,"born_in_chaos_v1:rotten_fish":2,"minecraft:andesite":1,"handcrafted:cherry_table":4,"mcwfurnitures:spruce_bookshelf_cupboard":9,"born_in_chaos_v1:dark_ritual_dagger":208,"minecraft:enchanting_table":1,"minecraft:spruce_planks":26,"born_in_chaos_v1:smoked_fish":5,"born_in_chaos_v1:black_argillite":8,"minecraft:sculk":1,"vanillaplustools:stone_hammer":481,"minecraft:torch":97,"minecraft:brewing_stand":1,"minecraft:anvil":3,"alexscaves:limestone":104,"born_in_chaos_v1:black_argillite_button":2,"minecraft:bookshelf":10,"minecraft:iron_axe":251,"beachparty:mini_fridge":1,"vinery:grapevine_stem":11,"minecraft:golden_carrot":15,"minecraft:cooked_beef":1,"sophisticatedbackpacks:gold_backpack":1,"minecraft:cherry_log":11,"minecraft:cobbled_deepslate":40,"born_in_chaos_v1:trident_hayfork":433,"minecraft:cooked_mutton":1,"minecraft:water_bucket":1,"minecraft:iron_ore":9,"minecraft:cobblestone_stairs":18,"minecraft:cherry_planks":105,"minecraft:tnt":2,"minecraft:crafting_table":10,"minecraft:red_bed":1,"minecraft:smoker":7,"minecraft:flower_pot":1,"minecraft:diamond_pickaxe":754,"minecraft:cherry_door":5,"minecraft:iron_pickaxe":136,"minecraft:stone_axe":39,"minecraft:potion":1,"biomesoplenty:fir_door":2,"minecraft:cobblestone":83,"vanillaplustools:iron_hammer":642,"minecraft:cooked_porkchop":1,"minecraft:bucket":3,"biomesoplenty:fir_log":15,"minecraft:soul_torch":4},"minecraft:killed":{"born_in_chaos_v1:zombie_clown":2,"minecraft:cave_spider":4,"born_in_chaos_v1:restless_spirit":2,"born_in_chaos_v1:zombie_lumberjack":4,"minecraft:spider":7,"born_in_chaos_v1:siamese_skeletonsright":1,"born_in_chaos_v1:baby_skeleton_minion":4,"minecraft:skeleton":21,"born_in_chaos_v1:skeleton_thrasher":1,"born_in_chaos_v1:firelight_not_despawn":1,"artifacts:mimic":7,"born_in_chaos_v1:bonescaller":3,"minecraft:pig":3,"minecraft:zombie_villager":4,"born_in_chaos_v1:diamond_termite":11,"gnumus:big_snout":1,"minecraft:creeper":13,"minecraft:sheep":1,"minecraft:zombie":44,"born_in_chaos_v1:dread_hound":8,"born_in_chaos_v1:corpse_fly":17,"alexscaves:trilocaris":4,"alexsmobs:fly":1,"minecraft:glow_squid":1,"born_in_chaos_v1:door_knight":6,"born_in_chaos_v1:siamese_skeletonsleft":1,"alexscaves:vallumraptor":1,"minecraft:slime":1,"born_in_chaos_v1:zombie_bruiser":2,"born_in_chaos_v1:maggot":23,"gnumus:gnumus_hunter":11,"born_in_chaos_v1:corpse_fish":3,"born_in_chaos_v1:barrel_zombie":1,"born_in_chaos_v1:fallen_chaos_knight":2,"born_in_chaos_v1:baby_skeleton":5,"born_in_chaos_v1:swarmer":2,"born_in_chaos_v1:decrepit_skeleton":18,"born_in_chaos_v1:decaying_zombie":3,"alexscaves:subterranodon":2,"born_in_chaos_v1:dark_vortex":1,"born_in_chaos_v1:nightmare_stalker":1,"minecraft:enderman":3},"minecraft:broken":{"vanillaplustools:iron_hammer":2,"minecraft:iron_boots":1,"minecraft:shield":1,"vanillaplustools:stone_hammer":3,"minecraft:iron_helmet":1,"gnumus:gnumus_pickaxe":2}},"DataVersion":3465}