{"stats":{"minecraft:custom":{"minecraft:mob_kills":30,"minecraft:interact_with_crafting_table":37,"minecraft:open_barrel":16,"minecraft:damage_dealt_resisted":167,"minecraft:leave_game":7,"minecraft:time_since_death":10270,"minecraft:sprint_one_cm":174675,"minecraft:walk_one_cm":277450,"minecraft:damage_blocked_by_shield":675,"minecraft:drop":58,"minecraft:play_time":93132,"minecraft:deaths":15,"minecraft:sneak_time":2172,"minecraft:walk_under_water_one_cm":8157,"minecraft:jump":1912,"minecraft:walk_on_water_one_cm":9876,"minecraft:total_world_time":93132,"minecraft:interact_with_furnace":39,"minecraft:time_since_rest":10298,"minecraft:damage_taken":4534,"minecraft:damage_absorbed":40,"minecraft:damage_dealt":6051,"minecraft:swim_one_cm":7849,"minecraft:fly_one_cm":214360,"minecraft:player_kills":1,"minecraft:open_chest":21,"minecraft:crouch_one_cm":10104,"minecraft:interact_with_smoker":7,"minecraft:fall_one_cm":51599},"minecraft:broken":{"vanillaplustools:stone_hammer":3},"minecraft:used":{"minecraft:beetroot":6,"minecraft:chest":10,"minecraft:shield":24,"minecraft:iron_sword":100,"vanillaplustools:stone_hammer":480,"minecraft:rotten_flesh":4,"minecraft:torch":66,"born_in_chaos_v1:corpse_maggot":4,"minecraft:furnace":8,"minecraft:cooked_cod":4,"minecraft:gray_bed":2,"minecraft:cobbled_deepslate":31,"minecraft:diorite":12,"minecraft:cobblestone_stairs":18,"minecraft:stone_pickaxe":19,"minecraft:leather_chestplate":1,"minecraft:wooden_pickaxe":17,"minecraft:cherry_planks":39,"minecraft:golden_apple":1,"minecraft:glow_berries":10,"minecraft:crafting_table":5,"minecraft:smoker":1,"minecraft:cherry_door":3,"minecraft:iron_pickaxe":9,"minecraft:gravel":2,"minecraft:stone_axe":39,"minecraft:wooden_sword":21,"minecraft:cobblestone":24,"vanillaplustools:iron_hammer":72,"minecraft:bucket":1,"minecraft:andesite":1},"minecraft:killed_by":{"minecraft:player":2,"born_in_chaos_v1:nightmare_stalker":2,"minecraft:warden":2,"minecraft:skeleton":2,"artifacts:mimic":1,"minecraft:zombie":3,"born_in_chaos_v1:corpse_fish":1},"minecraft:mined":{"minecraft:tuff":65,"minecraft:deepslate_diamond_ore":6,"minecraft:sculk_vein":1,"gravestone:gravestone":16,"minecraft:granite":3,"vinery:taiga_grape_bush_red":1,"minecraft:grass_block":1,"minecraft:iron_ore":80,"minecraft:cobbled_deepslate":4,"minecraft:andesite":115,"treechop:chopped_log":4,"minecraft:deepslate_lapis_ore":2,"minecraft:deepslate_iron_ore":33,"minecraft:stone":3160,"minecraft:deepslate_redstone_ore":2,"minecraft:cherry_planks":2,"minecraft:smoker":2,"minecraft:powder_snow":25,"minecraft:crafting_table":2,"minecraft:torch":1,"minecraft:sculk_sensor":3,"minecraft:copper_ore":32,"minecraft:cobblestone":12,"minecraft:sculk":2,"minecraft:diorite":76,"minecraft:wall_torch":2,"minecraft:pink_petals":4,"minecraft:cobblestone_wall":1,"minecraft:gray_bed":2,"minecraft:grass":5,"minecraft:coal_ore":93,"minecraft:dripstone_block":2,"minecraft:gravel":5,"minecraft:dirt":8,"minecraft:deepslate":650},"minecraft:dropped":{"minecraft:water_bucket":1,"minecraft:cherry_log":4,"minecraft:cobblestone":325,"minecraft:dirt":8,"minecraft:diorite":3,"minecraft:torch":2,"minecraft:cooked_cod":10,"minecraft:cherry_planks":5,"gravestone:obituary":20,"minecraft:wooden_sword":1,"minecraft:bone_meal":1,"minecraft:gravel":8,"minecraft:cobbled_deepslate":17,"alexsmobs:animal_dictionary":1,"minecraft:cobblestone_wall":1,"minecraft:rotten_flesh":9,"minecraft:leather_chestplate":1,"vanillaplustools:stone_hammer":1,"minecraft:wooden_pickaxe":1,"minecraft:stone_pickaxe":3},"minecraft:picked_up":{"minecraft:crafting_table":2,"gravestone:obituary":8,"minecraft:string":8,"minecraft:raw_copper":100,"artifacts:power_glove":1,"minecraft:cobbled_deepslate":693,"minecraft:stick":27,"minecraft:raw_iron":113,"minecraft:torch":5,"minecraft:cherry_log":57,"minecraft:diorite":85,"born_in_chaos_v1:nightmare_claw":1,"minecraft:redstone":5,"artifacts:snorkel":2,"minecraft:rotten_flesh":22,"minecraft:cobblestone":3375,"born_in_chaos_v1:corpse_maggot":4,"minecraft:pink_petals":9,"minecraft:leather_chestplate":1,"minecraft:cherry_planks":2,"minecraft:glow_ink_sac":1,"minecraft:andesite":89,"minecraft:smoker":2,"minecraft:tuff":69,"minecraft:cobblestone_wall":1,"minecraft:gunpowder":2,"artifacts:cloud_in_a_bottle":3,"minecraft:lapis_lazuli":12,"minecraft:dirt":8,"born_in_chaos_v1:monster_skin":3,"minecraft:bone":4,"minecraft:stone_pickaxe":2,"minecraft:iron_ingot":11,"minecraft:gray_bed":2,"vinery:taiga_grape_seeds_red":2,"minecraft:dripstone_block":2,"minecraft:gravel":15,"minecraft:diamond":6,"minecraft:bone_meal":1,"minecraft:cherry_sapling":36,"minecraft:coal":112},"minecraft:killed":{"minecraft:cave_spider":1,"minecraft:spider":1,"born_in_chaos_v1:maggot":3,"minecraft:skeleton":1,"born_in_chaos_v1:corpse_fish":1,"artifacts:mimic":3,"minecraft:creeper":1,"born_in_chaos_v1:decrepit_skeleton":1,"minecraft:zombie":12,"born_in_chaos_v1:corpse_fly":5,"minecraft:glow_squid":1},"minecraft:crafted":{"minecraft:cherry_planks":244,"minecraft:wooden_sword":1,"vanillaplustools:stone_hammer":8,"minecraft:furnace":8,"minecraft:cobblestone_stairs":40,"vanillaplustools:iron_hammer":1,"minecraft:iron_boots":1,"minecraft:leather":4,"minecraft:stone_pickaxe":73,"minecraft:chest":11,"sophisticatedbackpacks:iron_backpack":1,"minecraft:cooked_cod":14,"sophisticatedbackpacks:backpack":1,"minecraft:crafting_table":4,"minecraft:wooden_pickaxe":1,"minecraft:iron_helmet":1,"minecraft:iron_sword":1,"minecraft:stone_axe":1,"minecraft:air":0,"minecraft:iron_chestplate":1,"minecraft:shield":1,"minecraft:stick":152,"minecraft:iron_pickaxe":10,"minecraft:iron_ingot":54,"minecraft:cherry_door":3,"minecraft:iron_leggings":1,"minecraft:torch":64}},"DataVersion":3465}