{"stats":{"minecraft:custom":{"minecraft:interact_with_furnace":6,"minecraft:mob_kills":7,"minecraft:interact_with_crafting_table":21,"minecraft:leave_game":3,"minecraft:time_since_death":30417,"minecraft:time_since_rest":30449,"minecraft:sprint_one_cm":51207,"minecraft:damage_taken":1334,"minecraft:walk_one_cm":116205,"minecraft:drop":12,"minecraft:damage_dealt":1130,"minecraft:fly_one_cm":52083,"minecraft:open_chest":7,"minecraft:crouch_one_cm":369,"minecraft:play_time":38552,"minecraft:deaths":4,"minecraft:sneak_time":60,"minecraft:jump":745,"minecraft:total_world_time":38552,"minecraft:fall_one_cm":12915},"minecraft:broken":{"vanillaplustools:stone_hammer":2},"minecraft:used":{"minecraft:cobblestone_stairs":18,"minecraft:stone_pickaxe":17,"minecraft:chest":2,"minecraft:wooden_pickaxe":17,"minecraft:cherry_planks":39,"vanillaplustools:stone_hammer":420,"minecraft:rotten_flesh":2,"minecraft:torch":15,"minecraft:crafting_table":4,"born_in_chaos_v1:corpse_maggot":2,"minecraft:cherry_door":3,"minecraft:stone_axe":25,"minecraft:wooden_sword":21,"minecraft:cobblestone":14,"minecraft:furnace":8},"minecraft:killed_by":{"minecraft:player":1,"born_in_chaos_v1:nightmare_stalker":2},"minecraft:mined":{"minecraft:cherry_planks":2,"minecraft:powder_snow":4,"minecraft:crafting_table":1,"gravestone:gravestone":4,"vinery:taiga_grape_bush_red":1,"minecraft:grass_block":1,"minecraft:copper_ore":30,"minecraft:cobblestone":5,"minecraft:diorite":56,"minecraft:wall_torch":1,"minecraft:pink_petals":4,"minecraft:iron_ore":45,"minecraft:andesite":24,"treechop:chopped_log":3,"minecraft:grass":5,"minecraft:coal_ore":93,"minecraft:gravel":2,"minecraft:dirt":8,"minecraft:stone":3032},"minecraft:dropped":{"minecraft:cobblestone":320,"minecraft:torch":2,"vanillaplustools:stone_hammer":1,"gravestone:obituary":3,"minecraft:stone_pickaxe":1},"minecraft:picked_up":{"minecraft:pink_petals":9,"born_in_chaos_v1:corpse_maggot":2,"minecraft:crafting_table":1,"minecraft:cherry_planks":2,"minecraft:andesite":24,"minecraft:dirt":7,"minecraft:raw_copper":93,"born_in_chaos_v1:monster_skin":3,"minecraft:bone":2,"minecraft:stone_pickaxe":1,"minecraft:stick":9,"minecraft:raw_iron":45,"vinery:taiga_grape_seeds_red":2,"minecraft:torch":1,"minecraft:gravel":2,"minecraft:cherry_log":38,"minecraft:diorite":56,"born_in_chaos_v1:nightmare_claw":1,"minecraft:rotten_flesh":2,"minecraft:cherry_sapling":27,"minecraft:coal":93,"minecraft:cobblestone":3273},"minecraft:killed":{"minecraft:spider":1,"born_in_chaos_v1:decrepit_skeleton":1,"born_in_chaos_v1:corpse_fly":5},"minecraft:crafted":{"minecraft:cherry_planks":152,"minecraft:wooden_sword":1,"vanillaplustools:stone_hammer":8,"minecraft:crafting_table":3,"minecraft:wooden_pickaxe":1,"minecraft:iron_sword":1,"minecraft:furnace":8,"minecraft:cobblestone_stairs":40,"minecraft:stone_axe":1,"minecraft:air":0,"minecraft:stick":152,"minecraft:iron_ingot":10,"minecraft:stone_pickaxe":73,"minecraft:cherry_door":3,"minecraft:chest":2,"minecraft:torch":20}},"DataVersion":3465}