{"stats":{"minecraft:dropped":{"minecraft:baked_potato":3,"gnumus:gnumus_pickaxe":1,"gnumus:mouse_skin":4,"minecraft:dirt":8,"born_in_chaos_v1:monster_skin":1,"minecraft:cooked_cod":11,"minecraft:snowball":2,"minecraft:chain":1,"gravestone:obituary":23,"minecraft:wooden_sword":1,"minecraft:bone_meal":1,"minecraft:iron_pickaxe":5,"minecraft:bone":8,"minecraft:gravel":8,"minecraft:cooked_chicken":7,"minecraft:cobbled_deepslate":1082,"alexsmobs:animal_dictionary":2,"minecraft:pointed_dripstone":2,"minecraft:cherry_sapling":18,"minecraft:rotten_flesh":9,"minecraft:leather_chestplate":1,"born_in_chaos_v1:corpse_maggot":12,"vanillaplustools:stone_hammer":1,"minecraft:arrow":3,"minecraft:water_bucket":1,"minecraft:cherry_log":4,"minecraft:cobblestone":412,"minecraft:sculk_vein":3,"minecraft:stick":16,"alexscaves:trilocaris_tail":1,"born_in_chaos_v1:black_argillite":1,"minecraft:sculk":1,"minecraft:diorite":28,"minecraft:iron_trapdoor":1,"minecraft:torch":2,"minecraft:cherry_planks":5,"minecraft:potion":1,"minecraft:iron_leggings":1,"alexscaves:limestone":49,"minecraft:string":9,"minecraft:smooth_basalt":2,"minecraft:cobblestone_wall":1,"minecraft:tuff":116,"alexscaves:fiddlehead":4,"alexscaves:tree_star":16,"minecraft:stripped_oak_log":1,"minecraft:suspicious_stew":2,"minecraft:andesite":65,"minecraft:stone_pressure_plate":1,"minecraft:wooden_pickaxe":1,"minecraft:stone_pickaxe":3},"minecraft:broken":{"vanillaplustools:iron_hammer":1,"vanillaplustools:stone_hammer":3,"gnumus:gnumus_pickaxe":1},"minecraft:killed_by":{"born_in_chaos_v1:nightmare_stalker":2,"born_in_chaos_v1:zombie_bruiser":1,"artifacts:mimic":1,"minecraft:zombie":3,"minecraft:player":2,"minecraft:warden":2,"minecraft:skeleton":3,"born_in_chaos_v1:corpse_fish":1},"minecraft:custom":{"minecraft:interact_with_crafting_table":57,"minecraft:open_barrel":22,"minecraft:leave_game":13,"minecraft:time_since_death":148295,"minecraft:sprint_one_cm":350243,"minecraft:damage_blocked_by_shield":1785,"minecraft:drop":143,"minecraft:play_time":262644,"minecraft:deaths":17,"minecraft:jump":4759,"minecraft:walk_on_water_one_cm":32047,"minecraft:interact_with_furnace":85,"minecraft:interact_with_loom":1,"minecraft:sleep_in_bed":1,"minecraft:damage_dealt":20537,"minecraft:player_kills":1,"minecraft:crouch_one_cm":121367,"minecraft:interact_with_smoker":42,"minecraft:mob_kills":109,"minecraft:interact_with_anvil":4,"minecraft:damage_dealt_resisted":1339,"minecraft:climb_one_cm":6652,"minecraft:walk_one_cm":542207,"minecraft:sneak_time":25208,"minecraft:walk_under_water_one_cm":15090,"minecraft:total_world_time":262644,"minecraft:time_since_rest":75459,"minecraft:damage_taken":7488,"minecraft:damage_absorbed":40,"minecraft:swim_one_cm":13310,"minecraft:fly_one_cm":1044337,"minecraft:open_chest":83,"minecraft:fall_one_cm":288347},"minecraft:killed":{"minecraft:cave_spider":3,"born_in_chaos_v1:restless_spirit":1,"minecraft:spider":3,"minecraft:skeleton":9,"artifacts:mimic":4,"born_in_chaos_v1:bonescaller":1,"born_in_chaos_v1:diamond_termite":11,"minecraft:zombie_villager":2,"minecraft:creeper":4,"minecraft:zombie":22,"born_in_chaos_v1:dread_hound":1,"born_in_chaos_v1:corpse_fly":11,"alexscaves:trilocaris":4,"minecraft:glow_squid":1,"born_in_chaos_v1:door_knight":1,"minecraft:slime":1,"born_in_chaos_v1:zombie_bruiser":2,"born_in_chaos_v1:maggot":13,"gnumus:gnumus_hunter":1,"born_in_chaos_v1:corpse_fish":3,"born_in_chaos_v1:barrel_zombie":1,"born_in_chaos_v1:swarmer":1,"born_in_chaos_v1:decrepit_skeleton":4,"born_in_chaos_v1:decaying_zombie":1,"alexscaves:subterranodon":2,"born_in_chaos_v1:dark_vortex":1},"minecraft:used":{"minecraft:beetroot":6,"minecraft:diamond_hoe":118,"minecraft:chest":10,"minecraft:shield":41,"minecraft:iron_sword":137,"minecraft:rotten_flesh":4,"minecraft:tuff":3,"born_in_chaos_v1:corpse_maggot":4,"born_in_chaos_v1:smoked_flesh":25,"minecraft:furnace":12,"minecraft:cooked_cod":6,"minecraft:gray_bed":2,"minecraft:diorite":12,"minecraft:stone_pickaxe":19,"minecraft:leather_chestplate":1,"minecraft:wooden_pickaxe":17,"minecraft:golden_apple":1,"minecraft:glow_berries":14,"gnumus:gnumus_pickaxe":6,"minecraft:redstone_torch":2,"minecraft:gravel":5,"born_in_chaos_v1:smoked_monster_flesh":1,"minecraft:wooden_sword":21,"minecraft:andesite":1,"born_in_chaos_v1:smoked_fish":2,"minecraft:sculk":1,"vanillaplustools:stone_hammer":481,"minecraft:torch":81,"minecraft:anvil":1,"alexscaves:limestone":74,"minecraft:golden_carrot":15,"minecraft:cobbled_deepslate":40,"born_in_chaos_v1:trident_hayfork":155,"minecraft:cobblestone_stairs":18,"minecraft:cherry_planks":39,"minecraft:tnt":2,"minecraft:crafting_table":8,"minecraft:smoker":4,"minecraft:diamond_pickaxe":97,"minecraft:cherry_door":3,"minecraft:iron_pickaxe":75,"minecraft:stone_axe":39,"minecraft:cobblestone":43,"vanillaplustools:iron_hammer":400,"minecraft:bucket":1},"minecraft:mined":{"minecraft:stone_pressure_plate":1,"minecraft:sculk_vein":5,"minecraft:brewing_stand":1,"alexscaves:limestone":641,"minecraft:granite":51,"minecraft:budding_amethyst":32,"vinery:taiga_grape_bush_red":1,"minecraft:grass_block":1,"minecraft:deepslate_bricks":1,"minecraft:coal_block":3,"minecraft:deepslate_tile_stairs":6,"minecraft:sculk_catalyst":1,"minecraft:iron_ore":102,"minecraft:cobbled_deepslate":15,"minecraft:deepslate_lapis_ore":4,"minecraft:anvil":2,"biomesoplenty:hanging_cobweb":3,"minecraft:sculk_shrieker":36,"minecraft:pointed_dripstone":1,"minecraft:small_amethyst_bud":2,"biomesoplenty:webbing":2,"minecraft:deepslate_brick_stairs":1,"alexscaves:ambersol":4,"minecraft:deepslate_redstone_ore":2,"alexscaves:amber":80,"minecraft:red_bed":1,"minecraft:smoker":5,"minecraft:medium_amethyst_bud":1,"minecraft:amethyst_cluster":3,"minecraft:powder_snow":25,"born_in_chaos_v1:infected_deepslate_diamond_ore":5,"minecraft:torch":2,"minecraft:calcite":141,"minecraft:cobblestone":12,"minecraft:oak_planks":2,"minecraft:wall_torch":2,"minecraft:amethyst_block":266,"minecraft:pink_petals":4,"minecraft:tnt":1,"minecraft:grass":5,"minecraft:dirt":8,"minecraft:smooth_basalt":32,"minecraft:deepslate":1663,"minecraft:tuff":158,"minecraft:deepslate_diamond_ore":19,"born_in_chaos_v1:infected_diamond_ore":1,"gravestone:gravestone":18,"born_in_chaos_v1:black_argillite":3,"minecraft:sandstone":27,"minecraft:hay_block":6,"minecraft:redstone_ore":5,"minecraft:furnace":3,"minecraft:andesite":117,"treechop:chopped_log":4,"minecraft:polished_deepslate":3,"minecraft:deepslate_iron_ore":54,"minecraft:stripped_oak_log":1,"minecraft:packed_ice":3,"minecraft:stone":3345,"minecraft:redstone_wall_torch":1,"minecraft:cherry_planks":2,"alexscaves:cave_painting_dino_nuggets":1,"minecraft:crafting_table":4,"minecraft:sculk_sensor":57,"minecraft:copper_ore":32,"minecraft:lapis_ore":4,"minecraft:deepslate_gold_ore":4,"minecraft:sculk":42,"minecraft:diorite":86,"minecraft:cobblestone_wall":1,"minecraft:gray_bed":2,"minecraft:coal_ore":131,"alexscaves:cycad":2,"minecraft:gravel":12,"minecraft:dripstone_block":14,"biomesoplenty:stringy_cobweb":6,"minecraft:cobweb":9,"minecraft:gold_ore":6,"minecraft:iron_trapdoor":1},"minecraft:picked_up":{"minecraft:iron_trapdoor":1,"minecraft:anvil":2,"minecraft:suspicious_stew":1,"gnumus:gnumus_claw":2,"alexscaves:trilocaris_tail":1,"minecraft:brewing_stand":1,"minecraft:amethyst_block":191,"alexscaves:smooth_limestone":1,"born_in_chaos_v1:black_argillite":1,"minecraft:string":21,"minecraft:raw_copper":100,"minecraft:sculk_shrieker":14,"minecraft:cobbled_deepslate":1397,"minecraft:redstone_torch":1,"minecraft:calcite":128,"minecraft:iron_pickaxe":5,"minecraft:coal_block":3,"minecraft:furnace":3,"minecraft:stick":43,"minecraft:torch":6,"minecraft:cherry_log":57,"minecraft:pointed_dripstone":2,"minecraft:diorite":96,"born_in_chaos_v1:nightmare_claw":1,"minecraft:rotten_flesh":49,"minecraft:cod":3,"minecraft:cobblestone":3476,"minecraft:pink_petals":9,"minecraft:leather_chestplate":1,"minecraft:cherry_planks":2,"minecraft:andesite":90,"minecraft:smoker":5,"minecraft:flint":2,"minecraft:tuff":123,"minecraft:dirt":8,"minecraft:lapis_lazuli":44,"gnumus:gnumus_pouch_2":1,"born_in_chaos_v1:monster_skin":3,"minecraft:bone":19,"minecraft:raw_gold":10,"minecraft:oak_planks":2,"alexscaves:amber_curiosity":1,"sophisticatedbackpacks:iron_backpack":1,"minecraft:diamond":16,"minecraft:granite":40,"minecraft:bone_meal":1,"born_in_chaos_v1:rotten_fish":7,"born_in_chaos_v1:diamond_termite_shard":8,"minecraft:crafting_table":4,"minecraft:chicken":3,"gravestone:obituary":9,"minecraft:chain":1,"minecraft:red_bed":1,"alexscaves:fiddlehead":2,"artifacts:power_glove":2,"minecraft:deepslate_diamond_ore":8,"minecraft:raw_iron":155,"alexscaves:cycad":6,"minecraft:redstone":27,"minecraft:stone_pressure_plate":1,"minecraft:tnt":1,"artifacts:snorkel":3,"minecraft:arrow":3,"minecraft:hay_block":6,"gnumus:mouse_skin":5,"born_in_chaos_v1:trident_hayfork":1,"minecraft:stripped_oak_log":2,"born_in_chaos_v1:corpse_maggot":16,"born_in_chaos_v1:monster_flesh":1,"minecraft:glow_ink_sac":9,"alexscaves:limestone":186,"minecraft:oak_log":3,"minecraft:gunpowder":2,"artifacts:cloud_in_a_bottle":5,"minecraft:cobblestone_wall":1,"alexscaves:ambersol":4,"minecraft:sculk_vein":3,"gnumus:gnumus_pickaxe":1,"alexscaves:amber":59,"minecraft:kelp":1,"minecraft:iron_ingot":12,"minecraft:stone_pickaxe":2,"minecraft:cooked_chicken":4,"minecraft:gray_bed":2,"minecraft:sculk_catalyst":1,"minecraft:smooth_basalt":2,"minecraft:sculk":11,"vinery:taiga_grape_seeds_red":2,"born_in_chaos_v1:ethereal_spirit":1,"minecraft:dripstone_block":13,"minecraft:gravel":20,"alexscaves:tree_star":12,"born_in_chaos_v1:dark_rod":1,"minecraft:amethyst_shard":10,"gnumus:gnumus_cheese":1,"minecraft:spider_eye":2,"minecraft:sculk_sensor":23,"minecraft:slime_ball":3,"minecraft:cherry_sapling":45,"minecraft:baked_potato":2,"minecraft:coal":220},"minecraft:crafted":{"minecraft:oak_planks":12,"minecraft:cooked_chicken":3,"minecraft:cobblestone_stairs":40,"vanillaplustools:iron_hammer":2,"minecraft:iron_boots":1,"minecraft:chest":11,"sophisticatedbackpacks:backpack":1,"born_in_chaos_v1:smoked_fish":5,"minecraft:crafting_table":4,"minecraft:wooden_pickaxe":1,"minecraft:iron_helmet":1,"gnumus:gnumus_pickaxe":1,"minecraft:iron_chestplate":1,"minecraft:diamond_pickaxe":1,"minecraft:shield":1,"minecraft:stick":188,"born_in_chaos_v1:smoked_flesh":33,"minecraft:iron_pickaxe":19,"minecraft:iron_ingot":116,"minecraft:gold_ingot":10,"minecraft:redstone_torch":1,"minecraft:cherry_planks":256,"minecraft:wooden_sword":1,"vanillaplustools:stone_hammer":8,"minecraft:furnace":9,"born_in_chaos_v1:smoked_monster_flesh":1,"minecraft:leather":4,"minecraft:stone_pickaxe":73,"sophisticatedbackpacks:iron_backpack":1,"minecraft:wheat":54,"minecraft:cooked_cod":17,"minecraft:iron_sword":1,"sophisticatedbackpacks:gold_backpack":1,"minecraft:stone_axe":1,"minecraft:air":0,"minecraft:gold_nugget":9,"minecraft:cherry_door":3,"minecraft:iron_leggings":1,"minecraft:torch":64}},"DataVersion":3465}