{"stats":{"minecraft:custom":{"minecraft:time_since_rest":23837,"minecraft:interact_with_furnace":4,"minecraft:sprint_one_cm":45198,"minecraft:damage_taken":1334,"minecraft:walk_one_cm":97815,"minecraft:mob_kills":7,"minecraft:drop":12,"minecraft:damage_dealt":1130,"minecraft:open_chest":5,"minecraft:interact_with_crafting_table":19,"minecraft:fly_one_cm":46969,"minecraft:crouch_one_cm":369,"minecraft:play_time":31940,"minecraft:deaths":4,"minecraft:sneak_time":60,"minecraft:jump":608,"minecraft:leave_game":1,"minecraft:time_since_death":23805,"minecraft:total_world_time":31940,"minecraft:fall_one_cm":12915},"minecraft:broken":{"vanillaplustools:stone_hammer":2},"minecraft:used":{"minecraft:cobblestone_stairs":18,"minecraft:cherry_door":3,"minecraft:stone_pickaxe":17,"minecraft:rotten_flesh":2,"minecraft:chest":2,"minecraft:wooden_pickaxe":17,"minecraft:cherry_planks":39,"vanillaplustools:stone_hammer":302,"minecraft:torch":15,"minecraft:stone_axe":25,"minecraft:wooden_sword":21,"minecraft:cobblestone":10,"minecraft:crafting_table":4,"minecraft:furnace":8,"born_in_chaos_v1:corpse_maggot":2},"minecraft:killed_by":{"minecraft:player":1,"born_in_chaos_v1:nightmare_stalker":2},"minecraft:mined":{"minecraft:pink_petals":4,"minecraft:cherry_planks":2,"minecraft:iron_ore":21,"minecraft:powder_snow":4,"treechop:chopped_log":3,"minecraft:crafting_table":1,"gravestone:gravestone":4,"vinery:taiga_grape_bush_red":1,"minecraft:grass":5,"minecraft:grass_block":1,"minecraft:coal_ore":39,"minecraft:gravel":2,"minecraft:dirt":8,"minecraft:copper_ore":16,"minecraft:cobblestone":1,"minecraft:stone":2289,"minecraft:wall_torch":1},"minecraft:dropped":{"minecraft:torch":2,"minecraft:cobblestone":320,"vanillaplustools:stone_hammer":1,"gravestone:obituary":3,"minecraft:stone_pickaxe":1},"minecraft:picked_up":{"born_in_chaos_v1:corpse_maggot":2,"minecraft:raw_iron":21,"minecraft:pink_petals":9,"minecraft:stick":9,"minecraft:crafting_table":1,"minecraft:cherry_planks":2,"vinery:taiga_grape_seeds_red":2,"minecraft:torch":1,"minecraft:gravel":2,"minecraft:dirt":7,"minecraft:cherry_log":38,"born_in_chaos_v1:nightmare_claw":1,"minecraft:raw_copper":47,"born_in_chaos_v1:monster_skin":3,"minecraft:bone":2,"minecraft:rotten_flesh":2,"minecraft:stone_pickaxe":1,"minecraft:cherry_sapling":27,"minecraft:coal":39,"minecraft:cobblestone":2532},"minecraft:killed":{"born_in_chaos_v1:corpse_fly":5,"minecraft:spider":1,"born_in_chaos_v1:decrepit_skeleton":1},"minecraft:crafted":{"minecraft:cherry_planks":152,"minecraft:wooden_sword":1,"vanillaplustools:stone_hammer":7,"minecraft:crafting_table":3,"minecraft:chest":2,"minecraft:stick":152,"minecraft:wooden_pickaxe":1,"minecraft:stone_pickaxe":73,"minecraft:cherry_door":3,"minecraft:furnace":8,"minecraft:cobblestone_stairs":40,"minecraft:torch":20,"minecraft:stone_axe":1}},"DataVersion":3465}