{"stats":{"minecraft:killed_by":{"born_in_chaos_v1:nightmare_stalker":1,"minecraft:creeper":1,"minecraft:drowned":1,"alexsmobs:cachalot_whale":2,"minecraft:vindicator":10,"cataclysm:deepling_brute":1,"minecraft:vex":3,"born_in_chaos_v1:bonescaller":1,"minecraft:skeleton":2,"born_in_chaos_v1:dread_hound":2,"born_in_chaos_v1:maggot":1},"minecraft:crafted":{"minecraft:oak_planks":200,"gnumus:grilled_juicy_meat":2,"minecraft:cherry_boat":2,"minecraft:iron_boots":1,"minecraft:chest":11,"minecraft:cooked_rabbit":3,"minecraft:oak_slab":90,"minecraft:cooked_porkchop":13,"minecraft:crafting_table":7,"minecraft:spruce_planks":12,"farmersdelight:iron_knife":1,"minecraft:iron_helmet":1,"minecraft:wooden_pickaxe":1,"minecraft:baked_potato":3,"minecraft:copper_ingot":64,"biomesoplenty:fir_planks":157,"farmersdelight:cutting_board":1,"minecraft:iron_chestplate":1,"minecraft:shield":2,"minecraft:stick":28,"born_in_chaos_v1:smoked_flesh":1,"minecraft:iron_ingot":43,"minecraft:iron_pickaxe":2,"minecraft:stone_sword":1,"minecraft:gold_ingot":13,"minecraft:sandstone":52,"biomesoplenty:fir_door":3,"minecraft:cherry_planks":68,"minecraft:wooden_sword":2,"minecraft:raw_iron":36,"minecraft:stone_shovel":1,"minecraft:furnace":6,"born_in_chaos_v1:smoked_monster_flesh":2,"farmersdelight:cooked_chicken_cuts":10,"minecraft:stone_pickaxe":1,"minecraft:dark_oak_planks":160,"minecraft:cooked_beef":6,"minecraft:smooth_sandstone_stairs":8,"biomesoplenty:fir_boat":3,"minecraft:cyan_bed":1,"minecraft:iron_sword":2,"minecraft:smooth_sandstone":104,"minecraft:golden_shovel":2,"minecraft:bucket":2,"minecraft:stone_axe":1,"minecraft:air":0,"gnumus:gnumus_jug":8,"minecraft:oak_boat":1,"minecraft:smooth_sandstone_slab":6,"minecraft:wooden_axe":2,"minecraft:iron_shovel":1,"minecraft:iron_leggings":1,"minecraft:torch":52},"minecraft:dropped":{"biomesoplenty:fir_log":7,"minecraft:birch_planks":1,"minecraft:lapis_lazuli":48,"minecraft:oak_log":1,"minecraft:crafting_table":1,"minecraft:dark_oak_sapling":3,"minecraft:black_bed":1,"biomesoplenty:fir_sapling":33,"minecraft:red_mushroom":3,"minecraft:red_carpet":6,"minecraft:cod":1,"born_in_chaos_v1:monster_flesh":3,"minecraft:dark_oak_log":6,"alexsmobs:flying_fish":1,"gravestone:obituary":39,"minecraft:gold_nugget":2,"minecraft:wooden_sword":2,"minecraft:iron_pickaxe":1,"minecraft:dark_oak_planks":1,"alexsmobs:raccoon_tail":1,"minecraft:gravel":1,"biomesoplenty:toadstool":1,"alexsmobs:animal_dictionary":1,"born_in_chaos_v1:ethereal_spirit":4,"minecraft:cherry_sapling":11,"minecraft:rotten_flesh":7,"minecraft:oak_planks":1,"beachparty:rubber_ring_axolotl":1,"minecraft:gunpowder":2,"minecraft:chest":1,"minecraft:egg":1,"beachparty:sandwaves":4,"minecraft:cobblestone":48,"minecraft:feather":3,"minecraft:stick":7,"born_in_chaos_v1:gnawed_bones":2,"biomesoplenty:fir_door":2,"minecraft:string":7,"minecraft:pink_petals":27,"born_in_chaos_v1:rotten_fish":4,"minecraft:white_carpet":2,"minecraft:light_gray_wool":1,"minecraft:smoker":1,"minecraft:totem_of_undying":6,"biomesoplenty:fir_planks":45,"minecraft:allium":1,"minecraft:oak_sapling":18,"beachparty:raw_mussel_meat":5,"minecraft:spider_eye":1,"minecraft:raw_gold":1},"minecraft:custom":{"minecraft:interact_with_crafting_table":64,"minecraft:open_barrel":11,"minecraft:leave_game":10,"minecraft:time_since_death":56826,"minecraft:sprint_one_cm":521736,"minecraft:damage_blocked_by_shield":2310,"minecraft:drop":147,"minecraft:play_time":268839,"minecraft:deaths":26,"minecraft:jump":4810,"minecraft:walk_on_water_one_cm":60218,"minecraft:interact_with_furnace":89,"minecraft:sleep_in_bed":12,"minecraft:damage_dealt":14039,"minecraft:crouch_one_cm":112480,"minecraft:interact_with_smoker":10,"minecraft:mob_kills":74,"minecraft:fill_cauldron":2,"minecraft:interact_with_campfire":8,"minecraft:damage_dealt_resisted":86,"minecraft:climb_one_cm":1680,"minecraft:walk_one_cm":485190,"minecraft:sneak_time":28153,"minecraft:walk_under_water_one_cm":31189,"minecraft:boat_one_cm":455861,"minecraft:total_world_time":268839,"minecraft:time_since_rest":2454,"minecraft:damage_taken":10059,"minecraft:swim_one_cm":61957,"minecraft:fly_one_cm":826785,"minecraft:open_chest":144,"minecraft:fall_one_cm":136183},"minecraft:picked_up":{"beachparty:rubber_ring_axolotl":1,"gnumus:gnumus_claw":27,"minecraft:golden_shovel":1,"minecraft:string":3,"minecraft:raw_copper":66,"minecraft:iron_leggings":1,"minecraft:experience_bottle":1,"brewery:hops":13,"minecraft:gold_nugget":2,"biomesoplenty:fir_planks":53,"minecraft:iron_pickaxe":2,"alexsmobs:raccoon_tail":1,"minecraft:furnace":4,"minecraft:stick":78,"minecraft:torch":39,"minecraft:porkchop":13,"minecraft:cherry_log":17,"minecraft:diorite":2,"born_in_chaos_v1:nightmare_claw":1,"farmersdelight:chicken_cuts":10,"gnumus:grilled_juicy_meat":2,"minecraft:cauldron":6,"minecraft:rotten_flesh":12,"born_in_chaos_v1:sea_terror_eye":8,"gnumus:gnumus_chickpeas":12,"minecraft:obsidian":8,"minecraft:cod":6,"alexsmobs:flying_fish":1,"minecraft:cobblestone":169,"minecraft:nautilus_shell":1,"minecraft:pink_petals":27,"gnumus:gnumus_doubloons":18,"minecraft:cooked_beef":6,"minecraft:feather":3,"minecraft:cherry_planks":37,"minecraft:iron_door":1,"minecraft:black_bed":5,"minecraft:smoker":1,"biomesoplenty:fir_sapling":71,"biomesoplenty:fir_log":184,"minecraft:smooth_sandstone_stairs":3,"minecraft:lapis_lazuli":240,"minecraft:dirt":84,"gnumus:gnumus_pouch_2":3,"born_in_chaos_v1:monster_skin":4,"minecraft:bone":12,"minecraft:bow":3,"minecraft:wheat_seeds":6,"minecraft:raw_gold":14,"minecraft:bell":1,"minecraft:rabbit":3,"minecraft:oak_planks":20,"biomesoplenty:toadstool":1,"minecraft:cooked_porkchop":3,"minecraft:sand":320,"minecraft:ink_sac":4,"minecraft:cyan_bed":4,"minecraft:dark_oak_log":46,"alexsmobs:animal_dictionary":1,"gnumus:gnumus_clay":72,"minecraft:bone_meal":9,"minecraft:emerald":6,"minecraft:bread":3,"minecraft:oak_sapling":21,"born_in_chaos_v1:rotten_fish":42,"born_in_chaos_v1:sea_terror_stomach":2,"minecraft:charcoal":2,"minecraft:crafting_table":8,"minecraft:allium":1,"minecraft:chicken":5,"gravestone:obituary":15,"minecraft:shield":1,"minecraft:cornflower":2,"biomesoplenty:fir_door":3,"minecraft:wooden_sword":1,"minecraft:item_frame":1,"minecraft:white_carpet":2,"beachparty:seashell":4,"minecraft:beef":6,"born_in_chaos_v1:gnawed_bones":2,"minecraft:cyan_wool":3,"minecraft:light_gray_wool":9,"minecraft:chest":5,"minecraft:egg":1,"minecraft:dark_oak_sapling":7,"minecraft:raw_iron":8,"minecraft:sandstone":182,"gnumus:juicy_meat":2,"minecraft:carrot":2,"minecraft:dark_oak_planks":49,"minecraft:smooth_sandstone_slab":2,"minecraft:arrow":9,"born_in_chaos_v1:spiny_shell":1,"minecraft:totem_of_undying":10,"gnumus:mouse_skin":24,"minecraft:mutton":6,"minecraft:white_wool":3,"born_in_chaos_v1:corpse_maggot":4,"born_in_chaos_v1:monster_flesh":4,"minecraft:leather":8,"beachparty:raw_mussel_meat":5,"minecraft:red_mushroom":3,"gnumus:gnumus_pouch":1,"minecraft:birch_planks":14,"minecraft:oak_log":95,"minecraft:yellow_bed":7,"minecraft:gunpowder":4,"minecraft:cooked_mutton":6,"gnumus:gnumus_jug":6,"minecraft:smooth_sandstone":11,"minecraft:red_carpet":6,"gnumus:gnumus_horn":4,"minecraft:iron_ingot":2,"beachparty:sandwaves":14,"minecraft:book":80,"minecraft:oak_slab":2,"born_in_chaos_v1:ethereal_spirit":4,"minecraft:dripstone_block":12,"minecraft:raw_iron_block":9,"minecraft:gravel":1,"gnumus:gnumus_cheese":2,"minecraft:spruce_log":3,"minecraft:spider_eye":1,"biomesoplenty:flowering_oak_sapling":9,"minecraft:slime_ball":8,"minecraft:cherry_sapling":11,"minecraft:gray_wool":2,"minecraft:coal":244,"minecraft:ender_pearl":1},"minecraft:used":{"minecraft:iron_shovel":15,"minecraft:chest":9,"minecraft:shield":25,"minecraft:iron_sword":258,"minecraft:smooth_sandstone_stairs":9,"born_in_chaos_v1:smoked_flesh":1,"minecraft:item_frame":1,"farmersdelight:cutting_board":1,"minecraft:bow":6,"minecraft:furnace":9,"gnumus:grilled_juicy_meat":1,"minecraft:oak_planks":100,"minecraft:stone_pickaxe":50,"minecraft:wooden_pickaxe":3,"biomesoplenty:fir_planks":62,"minecraft:sandstone":130,"biomesoplenty:fir_boat":3,"minecraft:sand":112,"gnumus:gnumus_cutlass":2,"minecraft:black_bed":4,"born_in_chaos_v1:monster_flesh":1,"minecraft:bread":1,"minecraft:cyan_bed":3,"born_in_chaos_v1:smoked_monster_flesh":2,"minecraft:wooden_sword":49,"born_in_chaos_v1:rotten_fish":1,"minecraft:cooked_rabbit":2,"minecraft:oak_boat":1,"minecraft:cherry_boat":2,"minecraft:stone_sword":8,"born_in_chaos_v1:ethereal_spirit":7,"minecraft:stone_shovel":131,"minecraft:torch":69,"minecraft:dirt":28,"minecraft:raw_iron_block":1,"minecraft:golden_shovel":63,"minecraft:dark_oak_planks":195,"minecraft:wooden_axe":32,"minecraft:iron_axe":50,"minecraft:smooth_sandstone":100,"minecraft:light_gray_wool":8,"minecraft:cooked_beef":2,"minecraft:iron_leggings":1,"minecraft:cooked_mutton":6,"minecraft:water_bucket":12,"minecraft:baked_potato":3,"minecraft:smooth_sandstone_slab":8,"minecraft:cherry_planks":10,"minecraft:cauldron":3,"minecraft:oak_slab":72,"minecraft:crafting_table":14,"brewery:corn":2,"minecraft:cod":5,"minecraft:oak_log":1,"minecraft:iron_pickaxe":295,"gnumus:gnumus_jug":6,"minecraft:stone_axe":134,"minecraft:cobblestone":46,"biomesoplenty:fir_door":2,"minecraft:cooked_porkchop":15,"minecraft:bucket":12,"minecraft:yellow_bed":4,"alexsmobs:animal_dictionary":3,"biomesoplenty:fir_log":25,"minecraft:gray_wool":2},"minecraft:mined":{"minecraft:dark_oak_planks":45,"minecraft:cherry_log":4,"minecraft:grass_block":8,"gnumus:gnumus_jug":6,"beachparty:sand_seastars":4,"beachparty:sandwaves":92,"minecraft:raw_iron_block":1,"minecraft:iron_ore":9,"minecraft:fire":8,"minecraft:water_cauldron":2,"minecraft:smooth_sandstone_stairs":3,"minecraft:smoker":1,"minecraft:powder_snow":10,"minecraft:torch":21,"minecraft:chest":2,"minecraft:mushroom_stem":4,"minecraft:cobblestone":24,"minecraft:cyan_bed":2,"minecraft:oak_planks":14,"gnumus:gnumus_clay_brick":3,"minecraft:smooth_sandstone_slab":2,"minecraft:iron_door":1,"minecraft:wall_torch":9,"minecraft:cauldron":4,"minecraft:pink_petals":11,"minecraft:cyan_wool":3,"minecraft:light_gray_wool":12,"minecraft:black_bed":4,"biomesoplenty:fir_log":1,"minecraft:grass":7,"minecraft:oak_log":6,"minecraft:sand":131,"minecraft:dirt":23,"minecraft:red_mushroom_block":5,"minecraft:oak_leaves":2,"minecraft:red_carpet":6,"minecraft:mossy_cobblestone":2,"minecraft:cherry_sapling":1,"minecraft:dark_oak_log":4,"gravestone:gravestone":25,"biomesoplenty:bush":4,"minecraft:allium":1,"minecraft:spruce_leaves":4,"minecraft:sandstone":183,"minecraft:furnace":4,"biomesoplenty:toadstool":1,"treechop:chopped_log":10,"minecraft:bell":1,"minecraft:bookshelf":24,"minecraft:packed_ice":2,"gnumus:fragile_gnumus_jug":3,"biomesoplenty:spider_egg":1,"minecraft:stone":58,"minecraft:oak_slab":1,"minecraft:hanging_roots":1,"minecraft:smooth_sandstone":11,"minecraft:crafting_table":7,"biomesoplenty:fir_planks":3,"minecraft:campfire":1,"minecraft:tall_grass":1,"minecraft:copper_ore":17,"biomesoplenty:sprout":1,"minecraft:diorite":2,"minecraft:gray_wool":2,"minecraft:birch_planks":14,"minecraft:white_carpet":2,"minecraft:spruce_log":3,"minecraft:yellow_bed":5,"minecraft:coal_ore":13,"minecraft:cherry_leaves":6,"minecraft:gravel":1,"biomesoplenty:stringy_cobweb":2,"minecraft:cobweb":1,"minecraft:fern":1},"minecraft:killed":{"minecraft:cave_spider":2,"born_in_chaos_v1:restless_spirit":1,"minecraft:skeleton":5,"minecraft:chicken":2,"gnumus:pitcher_mousse":1,"minecraft:pig":6,"born_in_chaos_v1:glutton_fish":2,"minecraft:creeper":2,"minecraft:sheep":3,"minecraft:zombie":5,"born_in_chaos_v1:dread_hound":2,"alexsmobs:terrapin":1,"born_in_chaos_v1:corpse_fly":3,"minecraft:evoker":3,"minecraft:vex":2,"alexsmobs:raccoon":1,"minecraft:vindicator":9,"alexsmobs:seagull":1,"born_in_chaos_v1:zombie_bruiser":1,"born_in_chaos_v1:maggot":1,"minecraft:horse":1,"gnumus:gnumus_worker":1,"gnumus:gnumus_hunter":2,"born_in_chaos_v1:corpse_fish":7,"minecraft:drowned":1,"alexsmobs:flying_fish":1,"gnumus:gnumus_hunter_not_dispawn":3,"alexsmobs:catfish":1,"born_in_chaos_v1:nightmare_stalker":1},"minecraft:broken":{"minecraft:golden_helmet":1,"minecraft:golden_shovel":2,"gnumus:gnumus_cutlass":1,"minecraft:stone_axe":1,"minecraft:iron_sword":1,"minecraft:stone_shovel":1,"minecraft:iron_pickaxe":1}},"DataVersion":3465}