{"stats":{"minecraft:killed_by":{"born_in_chaos_v1:nightmare_stalker":1,"minecraft:skeleton":1,"minecraft:creeper":1,"born_in_chaos_v1:dread_hound":2,"born_in_chaos_v1:maggot":1},"minecraft:crafted":{"minecraft:cherry_planks":68,"minecraft:wooden_sword":2,"minecraft:cooked_porkchop":6,"minecraft:crafting_table":2,"minecraft:spruce_planks":12,"minecraft:wooden_pickaxe":1,"minecraft:iron_sword":1,"minecraft:furnace":1,"minecraft:stone_axe":1,"born_in_chaos_v1:smoked_monster_flesh":2,"minecraft:air":0,"minecraft:shield":2,"minecraft:stick":16,"born_in_chaos_v1:smoked_flesh":1,"minecraft:iron_ingot":7,"minecraft:iron_pickaxe":1,"minecraft:stone_pickaxe":1,"minecraft:wooden_axe":1,"minecraft:stone_sword":1},"minecraft:dropped":{"born_in_chaos_v1:ethereal_spirit":1,"minecraft:rotten_flesh":1,"minecraft:smoker":1,"born_in_chaos_v1:monster_flesh":3,"gravestone:obituary":6,"minecraft:spider_eye":1,"minecraft:pink_petals":16},"minecraft:custom":{"minecraft:interact_with_furnace":9,"minecraft:mob_kills":13,"minecraft:interact_with_crafting_table":13,"minecraft:damage_dealt_resisted":20,"minecraft:leave_game":3,"minecraft:time_since_death":7402,"minecraft:time_since_rest":7433,"minecraft:sprint_one_cm":98484,"minecraft:damage_taken":2365,"minecraft:walk_one_cm":58170,"minecraft:drop":29,"minecraft:damage_dealt":2260,"minecraft:swim_one_cm":5784,"minecraft:fly_one_cm":138860,"minecraft:crouch_one_cm":13562,"minecraft:play_time":47396,"minecraft:deaths":7,"minecraft:sneak_time":3952,"minecraft:walk_under_water_one_cm":1093,"minecraft:jump":1005,"minecraft:walk_on_water_one_cm":12039,"minecraft:interact_with_smoker":10,"minecraft:total_world_time":47396,"minecraft:fall_one_cm":51082},"minecraft:picked_up":{"minecraft:pink_petals":27,"minecraft:crafting_table":5,"minecraft:allium":1,"born_in_chaos_v1:monster_flesh":4,"minecraft:cherry_planks":37,"minecraft:black_bed":2,"minecraft:smoker":1,"minecraft:dirt":29,"minecraft:string":2,"minecraft:iron_leggings":1,"born_in_chaos_v1:monster_skin":4,"minecraft:bone":2,"born_in_chaos_v1:gnawed_bones":1,"minecraft:furnace":2,"minecraft:stick":2,"minecraft:raw_iron":7,"minecraft:cooked_porkchop":1,"minecraft:torch":6,"born_in_chaos_v1:ethereal_spirit":4,"minecraft:porkchop":5,"minecraft:cherry_log":17,"born_in_chaos_v1:nightmare_claw":1,"minecraft:spruce_log":3,"minecraft:spider_eye":1,"minecraft:arrow":2,"minecraft:rotten_flesh":4,"minecraft:cherry_sapling":11,"minecraft:coal":13,"minecraft:cobblestone":22},"minecraft:mined":{"minecraft:smoker":1,"minecraft:cherry_log":4,"minecraft:cherry_sapling":1,"minecraft:powder_snow":10,"minecraft:crafting_table":5,"minecraft:torch":1,"gravestone:gravestone":6,"biomesoplenty:bush":2,"minecraft:allium":1,"minecraft:grass_block":7,"minecraft:tall_grass":1,"minecraft:spruce_leaves":4,"minecraft:wall_torch":4,"minecraft:pink_petals":11,"minecraft:furnace":2,"minecraft:iron_ore":7,"minecraft:spruce_log":3,"minecraft:black_bed":2,"treechop:chopped_log":4,"minecraft:grass":5,"minecraft:coal_ore":13,"minecraft:cherry_leaves":6,"minecraft:dirt":21,"minecraft:packed_ice":2,"biomesoplenty:stringy_cobweb":2,"biomesoplenty:spider_egg":1,"minecraft:stone":23},"minecraft:used":{"minecraft:stone_sword":8,"born_in_chaos_v1:ethereal_spirit":7,"minecraft:stone_pickaxe":46,"minecraft:wooden_pickaxe":3,"minecraft:cherry_planks":10,"minecraft:iron_sword":6,"minecraft:torch":5,"minecraft:dirt":24,"minecraft:crafting_table":6,"minecraft:black_bed":1,"minecraft:wooden_axe":14,"born_in_chaos_v1:smoked_flesh":1,"born_in_chaos_v1:monster_flesh":1,"born_in_chaos_v1:smoked_monster_flesh":2,"minecraft:stone_axe":5,"minecraft:wooden_sword":49,"minecraft:cooked_porkchop":2,"minecraft:furnace":2,"minecraft:iron_leggings":1},"minecraft:killed":{"minecraft:cave_spider":2,"minecraft:pig":2,"born_in_chaos_v1:restless_spirit":1,"minecraft:zombie":3,"born_in_chaos_v1:dread_hound":2,"born_in_chaos_v1:corpse_fly":1,"born_in_chaos_v1:nightmare_stalker":1}},"DataVersion":3465}