{"stats":{"minecraft:killed_by":{"born_in_chaos_v1:nightmare_stalker":1,"minecraft:creeper":1,"cataclysm:deepling_brute":1,"minecraft:skeleton":1,"born_in_chaos_v1:dread_hound":2,"born_in_chaos_v1:maggot":1},"minecraft:crafted":{"minecraft:cherry_planks":68,"minecraft:wooden_sword":2,"minecraft:furnace":1,"minecraft:cherry_boat":2,"born_in_chaos_v1:smoked_monster_flesh":2,"minecraft:stone_pickaxe":1,"minecraft:cooked_porkchop":6,"minecraft:crafting_table":2,"minecraft:spruce_planks":12,"minecraft:wooden_pickaxe":1,"minecraft:iron_sword":1,"minecraft:stone_axe":1,"minecraft:air":0,"minecraft:shield":2,"minecraft:stick":16,"minecraft:iron_ingot":7,"born_in_chaos_v1:smoked_flesh":1,"minecraft:iron_pickaxe":1,"minecraft:wooden_axe":1,"minecraft:stone_sword":1,"minecraft:torch":4},"minecraft:dropped":{"minecraft:feather":3,"minecraft:cobblestone":6,"minecraft:black_bed":1,"biomesoplenty:fir_sapling":33,"born_in_chaos_v1:monster_flesh":3,"born_in_chaos_v1:gnawed_bones":2,"alexsmobs:flying_fish":1,"gravestone:obituary":9,"minecraft:wooden_sword":2,"minecraft:string":3,"minecraft:pink_petals":27,"alexsmobs:raccoon_tail":1,"biomesoplenty:toadstool":1,"alexsmobs:animal_dictionary":1,"born_in_chaos_v1:ethereal_spirit":4,"born_in_chaos_v1:rotten_fish":4,"minecraft:cherry_sapling":11,"minecraft:rotten_flesh":4,"minecraft:smoker":1,"minecraft:allium":1,"minecraft:oak_sapling":15,"minecraft:spider_eye":1,"minecraft:raw_gold":1,"minecraft:egg":1},"minecraft:custom":{"minecraft:mob_kills":33,"minecraft:interact_with_crafting_table":15,"minecraft:open_barrel":11,"minecraft:interact_with_campfire":8,"minecraft:damage_dealt_resisted":20,"minecraft:leave_game":3,"minecraft:time_since_death":3106,"minecraft:sprint_one_cm":219804,"minecraft:walk_one_cm":100805,"minecraft:damage_blocked_by_shield":60,"minecraft:drop":55,"minecraft:play_time":95396,"minecraft:deaths":8,"minecraft:sneak_time":4972,"minecraft:walk_under_water_one_cm":5187,"minecraft:boat_one_cm":225405,"minecraft:jump":2221,"minecraft:walk_on_water_one_cm":19858,"minecraft:total_world_time":95396,"minecraft:interact_with_furnace":19,"minecraft:sleep_in_bed":3,"minecraft:time_since_rest":3197,"minecraft:damage_taken":3175,"minecraft:damage_dealt":4485,"minecraft:fly_one_cm":384316,"minecraft:swim_one_cm":11557,"minecraft:open_chest":5,"minecraft:crouch_one_cm":16525,"minecraft:interact_with_smoker":10,"minecraft:fall_one_cm":88587},"minecraft:picked_up":{"minecraft:charcoal":2,"minecraft:crafting_table":6,"minecraft:allium":1,"minecraft:chicken":2,"gravestone:obituary":2,"minecraft:string":3,"minecraft:wooden_sword":1,"minecraft:iron_leggings":1,"born_in_chaos_v1:gnawed_bones":2,"alexsmobs:raccoon_tail":1,"minecraft:egg":1,"minecraft:furnace":3,"minecraft:stick":27,"minecraft:raw_iron":7,"minecraft:torch":10,"minecraft:porkchop":9,"minecraft:cherry_log":17,"born_in_chaos_v1:nightmare_claw":1,"minecraft:arrow":2,"minecraft:rotten_flesh":5,"minecraft:mutton":6,"alexsmobs:flying_fish":1,"minecraft:white_wool":3,"minecraft:cobblestone":24,"minecraft:pink_petals":27,"minecraft:feather":3,"minecraft:cherry_planks":37,"born_in_chaos_v1:monster_flesh":4,"minecraft:black_bed":5,"minecraft:smoker":1,"biomesoplenty:fir_sapling":71,"biomesoplenty:fir_log":121,"minecraft:oak_log":37,"minecraft:yellow_bed":2,"minecraft:dirt":29,"born_in_chaos_v1:monster_skin":4,"minecraft:cooked_mutton":6,"minecraft:bone":2,"minecraft:raw_gold":1,"minecraft:bell":1,"biomesoplenty:toadstool":1,"minecraft:cooked_porkchop":3,"born_in_chaos_v1:ethereal_spirit":4,"minecraft:gravel":1,"alexsmobs:animal_dictionary":1,"minecraft:spruce_log":3,"minecraft:spider_eye":1,"biomesoplenty:flowering_oak_sapling":9,"minecraft:bone_meal":2,"minecraft:cherry_sapling":11,"born_in_chaos_v1:rotten_fish":5,"minecraft:oak_sapling":15,"minecraft:coal":56},"minecraft:mined":{"minecraft:mossy_cobblestone":2,"minecraft:cherry_log":4,"minecraft:cherry_sapling":1,"gravestone:gravestone":7,"biomesoplenty:bush":4,"minecraft:allium":1,"minecraft:grass_block":7,"minecraft:spruce_leaves":4,"minecraft:furnace":3,"biomesoplenty:toadstool":1,"minecraft:iron_ore":7,"treechop:chopped_log":8,"minecraft:bell":1,"minecraft:packed_ice":2,"minecraft:stone":23,"biomesoplenty:spider_egg":1,"minecraft:smoker":1,"minecraft:powder_snow":10,"minecraft:crafting_table":6,"minecraft:torch":3,"minecraft:campfire":1,"minecraft:tall_grass":1,"minecraft:cobblestone":2,"biomesoplenty:sprout":1,"minecraft:wall_torch":7,"minecraft:pink_petals":11,"minecraft:spruce_log":3,"biomesoplenty:fir_log":1,"minecraft:black_bed":4,"minecraft:yellow_bed":2,"minecraft:grass":6,"minecraft:coal_ore":13,"minecraft:cherry_leaves":6,"minecraft:gravel":1,"minecraft:dirt":21,"biomesoplenty:stringy_cobweb":2,"minecraft:cobweb":1,"minecraft:oak_leaves":2},"minecraft:used":{"minecraft:cherry_boat":2,"minecraft:stone_sword":8,"born_in_chaos_v1:ethereal_spirit":7,"minecraft:shield":4,"minecraft:iron_sword":58,"minecraft:torch":11,"minecraft:dirt":25,"minecraft:wooden_axe":14,"born_in_chaos_v1:smoked_flesh":1,"minecraft:furnace":4,"minecraft:iron_leggings":1,"minecraft:cooked_mutton":3,"minecraft:stone_pickaxe":50,"minecraft:wooden_pickaxe":3,"minecraft:cherry_planks":10,"minecraft:crafting_table":8,"minecraft:black_bed":4,"born_in_chaos_v1:monster_flesh":1,"minecraft:iron_pickaxe":2,"born_in_chaos_v1:smoked_monster_flesh":2,"minecraft:stone_axe":74,"minecraft:wooden_sword":49,"born_in_chaos_v1:rotten_fish":1,"minecraft:cooked_porkchop":8,"minecraft:yellow_bed":1,"alexsmobs:animal_dictionary":3,"biomesoplenty:fir_log":20},"minecraft:killed":{"minecraft:cave_spider":2,"born_in_chaos_v1:restless_spirit":1,"alexsmobs:raccoon":1,"minecraft:horse":1,"minecraft:chicken":2,"born_in_chaos_v1:corpse_fish":5,"alexsmobs:flying_fish":1,"minecraft:pig":5,"minecraft:sheep":3,"alexsmobs:catfish":1,"minecraft:zombie":3,"born_in_chaos_v1:dread_hound":2,"alexsmobs:terrapin":1,"born_in_chaos_v1:corpse_fly":3,"born_in_chaos_v1:nightmare_stalker":1}},"DataVersion":3465}