{"stats":{"minecraft:killed_by":{"born_in_chaos_v1:nightmare_stalker":1,"minecraft:creeper":1,"cataclysm:deepling_brute":1,"minecraft:skeleton":1,"born_in_chaos_v1:dread_hound":2,"born_in_chaos_v1:maggot":1},"minecraft:crafted":{"minecraft:cherry_planks":68,"minecraft:wooden_sword":2,"minecraft:furnace":2,"minecraft:cherry_boat":2,"born_in_chaos_v1:smoked_monster_flesh":2,"minecraft:stone_pickaxe":1,"minecraft:chest":1,"minecraft:cooked_porkchop":6,"minecraft:crafting_table":3,"minecraft:spruce_planks":12,"minecraft:baked_potato":3,"minecraft:wooden_pickaxe":1,"minecraft:iron_sword":1,"minecraft:stone_axe":1,"minecraft:air":0,"minecraft:shield":2,"minecraft:stick":16,"minecraft:iron_ingot":7,"born_in_chaos_v1:smoked_flesh":1,"minecraft:iron_pickaxe":1,"minecraft:wooden_axe":1,"minecraft:stone_sword":1,"minecraft:torch":4},"minecraft:dropped":{"minecraft:feather":3,"minecraft:cobblestone":6,"minecraft:black_bed":1,"biomesoplenty:fir_sapling":33,"born_in_chaos_v1:monster_flesh":3,"born_in_chaos_v1:gnawed_bones":2,"alexsmobs:flying_fish":1,"gravestone:obituary":10,"minecraft:wooden_sword":2,"minecraft:string":3,"minecraft:pink_petals":27,"alexsmobs:raccoon_tail":1,"minecraft:gravel":1,"biomesoplenty:toadstool":1,"alexsmobs:animal_dictionary":1,"born_in_chaos_v1:ethereal_spirit":4,"born_in_chaos_v1:rotten_fish":4,"minecraft:cherry_sapling":11,"minecraft:rotten_flesh":4,"minecraft:smoker":1,"minecraft:allium":1,"minecraft:oak_sapling":15,"minecraft:spider_eye":1,"minecraft:raw_gold":1,"minecraft:egg":1},"minecraft:custom":{"minecraft:mob_kills":40,"minecraft:interact_with_crafting_table":18,"minecraft:open_barrel":11,"minecraft:interact_with_campfire":8,"minecraft:damage_dealt_resisted":20,"minecraft:leave_game":3,"minecraft:time_since_death":15106,"minecraft:sprint_one_cm":233041,"minecraft:walk_one_cm":114698,"minecraft:damage_blocked_by_shield":480,"minecraft:drop":57,"minecraft:play_time":107396,"minecraft:deaths":8,"minecraft:sneak_time":6026,"minecraft:walk_under_water_one_cm":5187,"minecraft:boat_one_cm":401220,"minecraft:jump":2346,"minecraft:walk_on_water_one_cm":19858,"minecraft:total_world_time":107396,"minecraft:interact_with_furnace":24,"minecraft:sleep_in_bed":4,"minecraft:time_since_rest":6434,"minecraft:damage_taken":3256,"minecraft:damage_dealt":5891,"minecraft:fly_one_cm":401812,"minecraft:swim_one_cm":11557,"minecraft:open_chest":7,"minecraft:crouch_one_cm":20851,"minecraft:interact_with_smoker":10,"minecraft:fall_one_cm":92734},"minecraft:picked_up":{"minecraft:charcoal":2,"minecraft:crafting_table":7,"minecraft:allium":1,"minecraft:chicken":2,"gnumus:gnumus_claw":3,"gravestone:obituary":2,"minecraft:string":3,"minecraft:wooden_sword":1,"minecraft:iron_leggings":1,"born_in_chaos_v1:gnawed_bones":2,"alexsmobs:raccoon_tail":1,"minecraft:egg":1,"minecraft:furnace":4,"minecraft:stick":27,"minecraft:raw_iron":7,"minecraft:torch":10,"minecraft:porkchop":13,"minecraft:cherry_log":17,"born_in_chaos_v1:nightmare_claw":1,"minecraft:arrow":4,"minecraft:rotten_flesh":8,"minecraft:mutton":6,"alexsmobs:flying_fish":1,"minecraft:white_wool":3,"minecraft:cobblestone":24,"minecraft:pink_petals":27,"gnumus:gnumus_doubloons":1,"minecraft:feather":3,"minecraft:cherry_planks":37,"born_in_chaos_v1:monster_flesh":4,"minecraft:black_bed":5,"minecraft:red_mushroom":3,"minecraft:smoker":1,"gnumus:gnumus_pouch":1,"biomesoplenty:fir_sapling":71,"biomesoplenty:fir_log":121,"minecraft:oak_log":40,"minecraft:yellow_bed":3,"minecraft:gunpowder":2,"minecraft:dirt":82,"gnumus:gnumus_pouch_2":2,"born_in_chaos_v1:monster_skin":4,"minecraft:cooked_mutton":6,"minecraft:bone":3,"gnumus:gnumus_horn":2,"minecraft:raw_gold":1,"minecraft:bell":1,"minecraft:iron_ingot":1,"biomesoplenty:toadstool":1,"minecraft:cooked_porkchop":3,"born_in_chaos_v1:ethereal_spirit":4,"minecraft:gravel":1,"alexsmobs:animal_dictionary":1,"minecraft:spruce_log":3,"minecraft:spider_eye":1,"biomesoplenty:flowering_oak_sapling":9,"minecraft:bone_meal":2,"minecraft:cherry_sapling":11,"born_in_chaos_v1:rotten_fish":5,"minecraft:oak_sapling":16,"minecraft:coal":118},"minecraft:mined":{"minecraft:mossy_cobblestone":2,"minecraft:cherry_log":4,"minecraft:cherry_sapling":1,"gravestone:gravestone":7,"biomesoplenty:bush":4,"minecraft:allium":1,"minecraft:grass_block":8,"minecraft:spruce_leaves":4,"minecraft:furnace":4,"biomesoplenty:toadstool":1,"minecraft:iron_ore":7,"minecraft:fire":8,"treechop:chopped_log":8,"minecraft:bell":1,"minecraft:packed_ice":2,"minecraft:stone":23,"biomesoplenty:spider_egg":1,"minecraft:smoker":1,"minecraft:powder_snow":10,"minecraft:crafting_table":7,"minecraft:torch":3,"minecraft:campfire":1,"minecraft:mushroom_stem":4,"minecraft:tall_grass":1,"minecraft:cobblestone":2,"biomesoplenty:sprout":1,"minecraft:wall_torch":7,"minecraft:pink_petals":11,"minecraft:spruce_log":3,"biomesoplenty:fir_log":1,"minecraft:black_bed":4,"minecraft:yellow_bed":3,"minecraft:grass":6,"minecraft:coal_ore":13,"minecraft:cherry_leaves":6,"minecraft:gravel":1,"minecraft:dirt":21,"biomesoplenty:stringy_cobweb":2,"minecraft:cobweb":1,"minecraft:red_mushroom_block":5,"minecraft:oak_leaves":2},"minecraft:used":{"minecraft:cherry_boat":2,"minecraft:stone_sword":8,"born_in_chaos_v1:ethereal_spirit":7,"minecraft:chest":1,"minecraft:shield":7,"minecraft:iron_sword":101,"minecraft:torch":12,"minecraft:dirt":26,"minecraft:wooden_axe":14,"born_in_chaos_v1:smoked_flesh":1,"minecraft:furnace":5,"minecraft:iron_leggings":1,"minecraft:cooked_mutton":3,"minecraft:baked_potato":1,"minecraft:stone_pickaxe":50,"minecraft:wooden_pickaxe":3,"minecraft:cherry_planks":10,"minecraft:crafting_table":10,"minecraft:black_bed":4,"born_in_chaos_v1:monster_flesh":1,"minecraft:iron_pickaxe":4,"born_in_chaos_v1:smoked_monster_flesh":2,"minecraft:stone_axe":75,"minecraft:wooden_sword":49,"minecraft:cobblestone":8,"born_in_chaos_v1:rotten_fish":1,"minecraft:cooked_porkchop":8,"minecraft:yellow_bed":3,"alexsmobs:animal_dictionary":3,"biomesoplenty:fir_log":25},"minecraft:killed":{"minecraft:cave_spider":2,"born_in_chaos_v1:restless_spirit":1,"alexsmobs:raccoon":1,"born_in_chaos_v1:zombie_bruiser":1,"minecraft:horse":1,"gnumus:gnumus_worker":1,"minecraft:chicken":2,"gnumus:gnumus_hunter":1,"born_in_chaos_v1:corpse_fish":5,"alexsmobs:flying_fish":1,"gnumus:gnumus_hunter_not_dispawn":2,"minecraft:pig":6,"minecraft:sheep":3,"alexsmobs:catfish":1,"minecraft:zombie":3,"born_in_chaos_v1:dread_hound":2,"alexsmobs:terrapin":1,"born_in_chaos_v1:corpse_fly":3,"born_in_chaos_v1:nightmare_stalker":1}},"DataVersion":3465}