{"stats":{"minecraft:custom":{"minecraft:jump":53,"minecraft:time_since_rest":10085,"minecraft:damage_dealt":9,"minecraft:crouch_one_cm":68,"minecraft:sprint_one_cm":3906,"minecraft:play_time":10085,"minecraft:damage_taken":155,"minecraft:time_since_death":10085,"minecraft:walk_one_cm":4867,"minecraft:sneak_time":15,"minecraft:total_world_time":10085,"minecraft:fall_one_cm":3282,"minecraft:fly_one_cm":5788},"minecraft:used":{"minecraft:dirt":1},"minecraft:mined":{"minecraft:cherry_sapling":1,"minecraft:grass_block":1,"minecraft:powder_snow":10,"minecraft:cherry_leaves":3},"minecraft:picked_up":{"minecraft:stick":1,"minecraft:dirt":1}},"DataVersion":3465}