{"stats":{"minecraft:custom":{"minecraft:mob_kills":67,"minecraft:interact_with_crafting_table":31,"minecraft:open_barrel":11,"minecraft:interact_with_campfire":8,"minecraft:damage_dealt_resisted":86,"minecraft:leave_game":7,"minecraft:time_since_death":2805,"minecraft:climb_one_cm":1680,"minecraft:sprint_one_cm":431151,"minecraft:walk_one_cm":290942,"minecraft:damage_blocked_by_shield":2310,"minecraft:drop":119,"minecraft:play_time":163989,"minecraft:sneak_time":13366,"minecraft:deaths":22,"minecraft:walk_under_water_one_cm":5187,"minecraft:boat_one_cm":417915,"minecraft:jump":3849,"minecraft:walk_on_water_one_cm":20038,"minecraft:total_world_time":163989,"minecraft:interact_with_furnace":34,"minecraft:sleep_in_bed":7,"minecraft:time_since_rest":2824,"minecraft:damage_taken":8420,"minecraft:damage_dealt":11700,"minecraft:swim_one_cm":11557,"minecraft:fly_one_cm":694598,"minecraft:open_chest":46,"minecraft:crouch_one_cm":48939,"minecraft:interact_with_smoker":10,"minecraft:fall_one_cm":119789},"minecraft:used":{"minecraft:cherry_boat":2,"minecraft:stone_sword":8,"born_in_chaos_v1:ethereal_spirit":7,"minecraft:chest":3,"minecraft:shield":25,"minecraft:iron_sword":221,"minecraft:torch":25,"minecraft:dirt":27,"minecraft:dark_oak_planks":109,"minecraft:wooden_axe":32,"born_in_chaos_v1:smoked_flesh":1,"minecraft:iron_axe":19,"minecraft:light_gray_wool":8,"minecraft:furnace":6,"minecraft:iron_leggings":1,"minecraft:cooked_mutton":6,"minecraft:baked_potato":3,"minecraft:oak_planks":5,"minecraft:stone_pickaxe":50,"minecraft:wooden_pickaxe":3,"biomesoplenty:fir_boat":3,"minecraft:cherry_planks":10,"biomesoplenty:fir_planks":62,"brewery:corn":2,"minecraft:crafting_table":13,"minecraft:cod":3,"minecraft:black_bed":4,"born_in_chaos_v1:monster_flesh":1,"minecraft:bread":1,"minecraft:cyan_bed":1,"minecraft:iron_pickaxe":34,"born_in_chaos_v1:smoked_monster_flesh":2,"minecraft:stone_axe":134,"minecraft:wooden_sword":49,"biomesoplenty:fir_door":2,"minecraft:cobblestone":31,"born_in_chaos_v1:rotten_fish":1,"minecraft:cooked_porkchop":14,"minecraft:cooked_rabbit":2,"minecraft:yellow_bed":4,"alexsmobs:animal_dictionary":3,"biomesoplenty:fir_log":25,"minecraft:gray_wool":2},"minecraft:killed":{"minecraft:evoker":3,"minecraft:vex":2,"minecraft:cave_spider":2,"born_in_chaos_v1:restless_spirit":1,"alexsmobs:raccoon":1,"minecraft:vindicator":9,"alexsmobs:seagull":1,"born_in_chaos_v1:zombie_bruiser":1,"minecraft:skeleton":5,"minecraft:horse":1,"gnumus:gnumus_worker":1,"minecraft:chicken":2,"gnumus:pitcher_mousse":1,"gnumus:gnumus_hunter":2,"born_in_chaos_v1:corpse_fish":5,"alexsmobs:flying_fish":1,"gnumus:gnumus_hunter_not_dispawn":3,"minecraft:pig":6,"minecraft:creeper":2,"minecraft:sheep":3,"alexsmobs:catfish":1,"minecraft:zombie":4,"born_in_chaos_v1:dread_hound":2,"alexsmobs:terrapin":1,"born_in_chaos_v1:corpse_fly":3,"born_in_chaos_v1:nightmare_stalker":1},"minecraft:mined":{"minecraft:dark_oak_planks":29,"minecraft:red_carpet":6,"minecraft:mossy_cobblestone":2,"minecraft:cherry_log":4,"minecraft:cherry_sapling":1,"minecraft:dark_oak_log":4,"gravestone:gravestone":21,"biomesoplenty:bush":4,"minecraft:allium":1,"minecraft:grass_block":8,"minecraft:spruce_leaves":4,"minecraft:furnace":4,"biomesoplenty:toadstool":1,"minecraft:iron_ore":9,"minecraft:fire":8,"treechop:chopped_log":10,"minecraft:bell":1,"minecraft:bookshelf":24,"minecraft:packed_ice":2,"gnumus:fragile_gnumus_jug":3,"minecraft:stone":24,"biomesoplenty:spider_egg":1,"minecraft:smoker":1,"minecraft:powder_snow":10,"minecraft:crafting_table":7,"minecraft:torch":16,"biomesoplenty:fir_planks":3,"minecraft:campfire":1,"minecraft:mushroom_stem":4,"minecraft:tall_grass":1,"minecraft:cobblestone":22,"biomesoplenty:sprout":1,"minecraft:iron_door":1,"gnumus:gnumus_clay_brick":3,"minecraft:wall_torch":9,"minecraft:cauldron":3,"minecraft:pink_petals":11,"minecraft:cyan_wool":3,"minecraft:gray_wool":2,"minecraft:birch_planks":14,"minecraft:white_carpet":2,"minecraft:spruce_log":3,"biomesoplenty:fir_log":1,"minecraft:light_gray_wool":12,"minecraft:black_bed":4,"minecraft:yellow_bed":4,"minecraft:grass":6,"minecraft:coal_ore":13,"minecraft:oak_log":5,"minecraft:cherry_leaves":6,"minecraft:gravel":1,"minecraft:dirt":22,"biomesoplenty:stringy_cobweb":2,"minecraft:cobweb":1,"minecraft:red_mushroom_block":5,"minecraft:oak_leaves":2},"minecraft:dropped":{"biomesoplenty:fir_log":7,"minecraft:crafting_table":1,"minecraft:dark_oak_sapling":3,"minecraft:feather":3,"minecraft:cobblestone":48,"minecraft:black_bed":1,"minecraft:red_mushroom":3,"biomesoplenty:fir_sapling":33,"minecraft:red_carpet":6,"minecraft:cod":1,"minecraft:stick":7,"born_in_chaos_v1:monster_flesh":3,"born_in_chaos_v1:gnawed_bones":2,"minecraft:dark_oak_log":6,"alexsmobs:flying_fish":1,"gravestone:obituary":33,"minecraft:wooden_sword":2,"biomesoplenty:fir_door":2,"minecraft:iron_pickaxe":1,"minecraft:string":7,"minecraft:dark_oak_planks":1,"minecraft:pink_petals":27,"alexsmobs:raccoon_tail":1,"biomesoplenty:toadstool":1,"minecraft:gravel":1,"alexsmobs:animal_dictionary":1,"born_in_chaos_v1:ethereal_spirit":4,"born_in_chaos_v1:rotten_fish":4,"minecraft:cherry_sapling":11,"minecraft:white_carpet":2,"minecraft:rotten_flesh":7,"minecraft:light_gray_wool":1,"minecraft:smoker":1,"minecraft:totem_of_undying":3,"beachparty:rubber_ring_axolotl":1,"biomesoplenty:fir_planks":35,"minecraft:gunpowder":2,"minecraft:allium":1,"minecraft:oak_sapling":18,"minecraft:spider_eye":1,"minecraft:raw_gold":1,"minecraft:egg":1},"minecraft:broken":{"minecraft:golden_helmet":1,"minecraft:stone_axe":1},"minecraft:crafted":{"minecraft:cherry_planks":68,"minecraft:wooden_sword":2,"minecraft:oak_planks":28,"gnumus:grilled_juicy_meat":2,"minecraft:furnace":3,"minecraft:cherry_boat":2,"born_in_chaos_v1:smoked_monster_flesh":2,"minecraft:stone_pickaxe":1,"minecraft:chest":9,"minecraft:dark_oak_planks":160,"minecraft:cooked_rabbit":3,"biomesoplenty:fir_boat":3,"minecraft:cooked_porkchop":13,"minecraft:crafting_table":6,"minecraft:spruce_planks":12,"minecraft:baked_potato":3,"minecraft:wooden_pickaxe":1,"minecraft:cyan_bed":1,"minecraft:iron_sword":1,"minecraft:stone_axe":1,"minecraft:air":0,"biomesoplenty:fir_planks":157,"minecraft:shield":2,"minecraft:stick":20,"minecraft:iron_ingot":7,"born_in_chaos_v1:smoked_flesh":1,"minecraft:iron_pickaxe":1,"minecraft:wooden_axe":2,"minecraft:stone_sword":1,"minecraft:torch":4,"biomesoplenty:fir_door":3},"minecraft:killed_by":{"born_in_chaos_v1:nightmare_stalker":1,"minecraft:creeper":1,"minecraft:vindicator":10,"minecraft:skeleton":2,"cataclysm:deepling_brute":1,"born_in_chaos_v1:dread_hound":2,"born_in_chaos_v1:maggot":1,"minecraft:vex":3},"minecraft:picked_up":{"minecraft:charcoal":2,"minecraft:crafting_table":8,"minecraft:allium":1,"beachparty:rubber_ring_axolotl":1,"minecraft:chicken":5,"gnumus:gnumus_claw":9,"gravestone:obituary":11,"minecraft:item_frame":1,"minecraft:string":3,"biomesoplenty:fir_door":2,"minecraft:wooden_sword":1,"minecraft:iron_leggings":1,"minecraft:white_carpet":2,"minecraft:experience_bottle":1,"biomesoplenty:fir_planks":41,"minecraft:beef":6,"born_in_chaos_v1:gnawed_bones":2,"minecraft:cyan_wool":3,"minecraft:iron_pickaxe":1,"minecraft:light_gray_wool":9,"alexsmobs:raccoon_tail":1,"minecraft:furnace":4,"minecraft:egg":1,"minecraft:dark_oak_sapling":7,"minecraft:stick":38,"minecraft:raw_iron":8,"gnumus:juicy_meat":2,"minecraft:torch":25,"minecraft:porkchop":13,"minecraft:cherry_log":17,"born_in_chaos_v1:nightmare_claw":1,"minecraft:carrot":1,"minecraft:cauldron":3,"minecraft:dark_oak_planks":29,"minecraft:arrow":9,"minecraft:rotten_flesh":10,"gnumus:gnumus_chickpeas":6,"minecraft:totem_of_undying":6,"gnumus:mouse_skin":8,"minecraft:mutton":6,"minecraft:cod":4,"alexsmobs:flying_fish":1,"minecraft:white_wool":3,"minecraft:cobblestone":88,"minecraft:pink_petals":27,"gnumus:gnumus_doubloons":9,"minecraft:feather":3,"minecraft:cherry_planks":37,"born_in_chaos_v1:monster_flesh":4,"minecraft:iron_door":1,"minecraft:black_bed":5,"minecraft:leather":4,"minecraft:smoker":1,"minecraft:red_mushroom":3,"biomesoplenty:fir_sapling":71,"gnumus:gnumus_pouch":1,"minecraft:birch_planks":13,"biomesoplenty:fir_log":184,"minecraft:oak_log":50,"minecraft:yellow_bed":4,"minecraft:gunpowder":4,"minecraft:dirt":83,"gnumus:gnumus_pouch_2":3,"born_in_chaos_v1:monster_skin":4,"minecraft:cooked_mutton":6,"minecraft:red_carpet":6,"minecraft:bone":6,"gnumus:gnumus_horn":2,"minecraft:bow":3,"minecraft:wheat_seeds":3,"minecraft:raw_gold":1,"minecraft:bell":1,"minecraft:iron_ingot":1,"minecraft:rabbit":3,"minecraft:book":72,"biomesoplenty:toadstool":1,"minecraft:cooked_porkchop":3,"born_in_chaos_v1:ethereal_spirit":4,"minecraft:raw_iron_block":4,"minecraft:dripstone_block":6,"minecraft:gravel":1,"gnumus:gnumus_cheese":1,"minecraft:spruce_log":3,"minecraft:dark_oak_log":46,"minecraft:spider_eye":1,"alexsmobs:animal_dictionary":1,"biomesoplenty:flowering_oak_sapling":9,"gnumus:gnumus_clay":23,"minecraft:bone_meal":2,"minecraft:cherry_sapling":11,"minecraft:gray_wool":2,"minecraft:bread":3,"minecraft:emerald":6,"minecraft:oak_sapling":21,"born_in_chaos_v1:rotten_fish":5,"minecraft:coal":122}},"DataVersion":3465}