{"stats":{"minecraft:killed_by":{"born_in_chaos_v1:nightmare_stalker":1,"minecraft:skeleton":1,"minecraft:creeper":1,"born_in_chaos_v1:dread_hound":2,"born_in_chaos_v1:maggot":1},"minecraft:crafted":{"minecraft:cherry_planks":68,"minecraft:wooden_sword":2,"minecraft:cooked_porkchop":6,"minecraft:crafting_table":2,"minecraft:spruce_planks":12,"minecraft:wooden_pickaxe":1,"minecraft:iron_sword":1,"minecraft:furnace":1,"minecraft:cherry_boat":1,"minecraft:stone_axe":1,"born_in_chaos_v1:smoked_monster_flesh":2,"minecraft:air":0,"minecraft:shield":2,"minecraft:stick":16,"born_in_chaos_v1:smoked_flesh":1,"minecraft:iron_ingot":7,"minecraft:iron_pickaxe":1,"minecraft:stone_pickaxe":1,"minecraft:wooden_axe":1,"minecraft:stone_sword":1},"minecraft:dropped":{"biomesoplenty:toadstool":1,"minecraft:cobblestone":6,"born_in_chaos_v1:rotten_fish":4,"born_in_chaos_v1:ethereal_spirit":4,"minecraft:cherry_sapling":11,"minecraft:rotten_flesh":4,"minecraft:black_bed":1,"minecraft:smoker":1,"biomesoplenty:fir_sapling":33,"born_in_chaos_v1:monster_flesh":3,"born_in_chaos_v1:gnawed_bones":2,"minecraft:allium":1,"minecraft:wooden_sword":2,"gravestone:obituary":8,"minecraft:spider_eye":1,"minecraft:string":3,"minecraft:pink_petals":27},"minecraft:custom":{"minecraft:interact_with_furnace":11,"minecraft:mob_kills":27,"minecraft:open_barrel":11,"minecraft:interact_with_crafting_table":14,"minecraft:interact_with_campfire":8,"minecraft:damage_dealt_resisted":20,"minecraft:leave_game":3,"minecraft:time_since_death":31402,"minecraft:sleep_in_bed":2,"minecraft:time_since_rest":6335,"minecraft:sprint_one_cm":171995,"minecraft:damage_taken":2769,"minecraft:walk_one_cm":84833,"minecraft:damage_blocked_by_shield":60,"minecraft:drop":46,"minecraft:damage_dealt":3920,"minecraft:swim_one_cm":11557,"minecraft:fly_one_cm":282649,"minecraft:open_chest":5,"minecraft:crouch_one_cm":15518,"minecraft:play_time":71396,"minecraft:deaths":7,"minecraft:sneak_time":4545,"minecraft:walk_under_water_one_cm":5187,"minecraft:boat_one_cm":68175,"minecraft:jump":1684,"minecraft:walk_on_water_one_cm":18713,"minecraft:interact_with_smoker":10,"minecraft:total_world_time":71396,"minecraft:fall_one_cm":74102},"minecraft:picked_up":{"minecraft:charcoal":2,"minecraft:pink_petals":27,"minecraft:crafting_table":6,"minecraft:allium":1,"born_in_chaos_v1:monster_flesh":4,"minecraft:cherry_planks":37,"minecraft:black_bed":4,"minecraft:smoker":1,"biomesoplenty:fir_sapling":71,"biomesoplenty:fir_log":120,"minecraft:oak_log":37,"minecraft:cooked_mutton":6,"gravestone:obituary":1,"minecraft:yellow_bed":2,"minecraft:wooden_sword":1,"minecraft:dirt":29,"minecraft:string":3,"minecraft:iron_leggings":1,"born_in_chaos_v1:monster_skin":4,"minecraft:bone":2,"minecraft:bell":1,"born_in_chaos_v1:gnawed_bones":2,"alexsmobs:raccoon_tail":1,"minecraft:furnace":3,"biomesoplenty:toadstool":1,"minecraft:stick":27,"minecraft:raw_iron":7,"minecraft:cooked_porkchop":3,"minecraft:torch":10,"born_in_chaos_v1:ethereal_spirit":4,"minecraft:porkchop":6,"minecraft:cherry_log":17,"biomesoplenty:flowering_oak_sapling":9,"born_in_chaos_v1:nightmare_claw":1,"minecraft:spruce_log":3,"minecraft:spider_eye":1,"minecraft:arrow":2,"minecraft:rotten_flesh":4,"minecraft:cherry_sapling":11,"minecraft:oak_sapling":15,"born_in_chaos_v1:rotten_fish":5,"minecraft:mutton":6,"minecraft:coal":56,"minecraft:white_wool":3,"minecraft:cobblestone":24},"minecraft:mined":{"minecraft:smoker":1,"minecraft:cherry_log":4,"minecraft:cherry_sapling":1,"minecraft:powder_snow":10,"minecraft:crafting_table":6,"minecraft:torch":3,"gravestone:gravestone":6,"biomesoplenty:bush":4,"minecraft:allium":1,"minecraft:grass_block":7,"minecraft:campfire":1,"minecraft:tall_grass":1,"minecraft:cobblestone":2,"minecraft:spruce_leaves":4,"minecraft:wall_torch":6,"minecraft:pink_petals":11,"minecraft:furnace":3,"biomesoplenty:toadstool":1,"minecraft:iron_ore":7,"minecraft:spruce_log":3,"minecraft:black_bed":3,"treechop:chopped_log":8,"minecraft:yellow_bed":2,"minecraft:bell":1,"minecraft:grass":5,"minecraft:coal_ore":13,"minecraft:cherry_leaves":6,"minecraft:dirt":21,"minecraft:packed_ice":2,"biomesoplenty:stringy_cobweb":2,"minecraft:cobweb":1,"biomesoplenty:spider_egg":1,"minecraft:stone":23,"minecraft:oak_leaves":1},"minecraft:used":{"minecraft:cooked_mutton":1,"minecraft:cherry_boat":1,"minecraft:stone_sword":8,"born_in_chaos_v1:ethereal_spirit":7,"minecraft:stone_pickaxe":50,"minecraft:shield":4,"minecraft:wooden_pickaxe":3,"minecraft:cherry_planks":10,"minecraft:iron_sword":42,"minecraft:torch":9,"minecraft:dirt":25,"minecraft:crafting_table":7,"minecraft:black_bed":2,"minecraft:wooden_axe":14,"born_in_chaos_v1:smoked_flesh":1,"born_in_chaos_v1:monster_flesh":1,"born_in_chaos_v1:smoked_monster_flesh":2,"minecraft:stone_axe":74,"minecraft:wooden_sword":49,"born_in_chaos_v1:rotten_fish":1,"minecraft:cooked_porkchop":7,"minecraft:furnace":3,"minecraft:yellow_bed":1,"alexsmobs:animal_dictionary":2,"minecraft:iron_leggings":1},"minecraft:killed":{"minecraft:cave_spider":2,"minecraft:pig":3,"born_in_chaos_v1:restless_spirit":1,"alexsmobs:raccoon":1,"minecraft:sheep":3,"minecraft:horse":1,"alexsmobs:catfish":1,"minecraft:zombie":3,"born_in_chaos_v1:dread_hound":2,"born_in_chaos_v1:corpse_fly":3,"born_in_chaos_v1:nightmare_stalker":1,"born_in_chaos_v1:corpse_fish":5}},"DataVersion":3465}