{"stats":{"minecraft:killed_by":{"born_in_chaos_v1:nightmare_stalker":1,"minecraft:creeper":1,"minecraft:vindicator":2,"cataclysm:deepling_brute":1,"minecraft:skeleton":2,"born_in_chaos_v1:dread_hound":2,"born_in_chaos_v1:maggot":1},"minecraft:crafted":{"minecraft:cherry_planks":68,"minecraft:wooden_sword":2,"minecraft:oak_planks":28,"gnumus:grilled_juicy_meat":2,"minecraft:furnace":3,"minecraft:cherry_boat":2,"born_in_chaos_v1:smoked_monster_flesh":2,"minecraft:stone_pickaxe":1,"minecraft:chest":9,"minecraft:dark_oak_planks":144,"minecraft:cooked_rabbit":3,"biomesoplenty:fir_boat":3,"minecraft:cooked_porkchop":13,"minecraft:crafting_table":4,"minecraft:spruce_planks":12,"minecraft:baked_potato":3,"minecraft:wooden_pickaxe":1,"minecraft:iron_sword":1,"minecraft:stone_axe":1,"minecraft:air":0,"biomesoplenty:fir_planks":157,"minecraft:shield":2,"minecraft:stick":20,"minecraft:iron_ingot":7,"born_in_chaos_v1:smoked_flesh":1,"minecraft:iron_pickaxe":1,"minecraft:wooden_axe":1,"minecraft:stone_sword":1,"minecraft:torch":4,"biomesoplenty:fir_door":3},"minecraft:dropped":{"biomesoplenty:fir_log":7,"minecraft:crafting_table":1,"minecraft:dark_oak_sapling":2,"minecraft:feather":3,"minecraft:cobblestone":48,"minecraft:black_bed":1,"minecraft:red_mushroom":3,"biomesoplenty:fir_sapling":33,"minecraft:cod":1,"minecraft:stick":6,"born_in_chaos_v1:monster_flesh":3,"born_in_chaos_v1:gnawed_bones":2,"minecraft:dark_oak_log":6,"alexsmobs:flying_fish":1,"gravestone:obituary":13,"minecraft:wooden_sword":2,"biomesoplenty:fir_door":2,"minecraft:string":3,"minecraft:pink_petals":27,"alexsmobs:raccoon_tail":1,"minecraft:gravel":1,"biomesoplenty:toadstool":1,"alexsmobs:animal_dictionary":1,"born_in_chaos_v1:ethereal_spirit":4,"born_in_chaos_v1:rotten_fish":4,"minecraft:cherry_sapling":11,"minecraft:rotten_flesh":7,"minecraft:light_gray_wool":1,"minecraft:smoker":1,"biomesoplenty:fir_planks":35,"minecraft:gunpowder":2,"minecraft:allium":1,"minecraft:oak_sapling":16,"minecraft:spider_eye":1,"minecraft:raw_gold":1,"minecraft:egg":1},"minecraft:custom":{"minecraft:mob_kills":48,"minecraft:interact_with_crafting_table":27,"minecraft:open_barrel":11,"minecraft:interact_with_campfire":8,"minecraft:damage_dealt_resisted":20,"minecraft:leave_game":4,"minecraft:time_since_death":18,"minecraft:sprint_one_cm":289855,"minecraft:walk_one_cm":161300,"minecraft:damage_blocked_by_shield":990,"minecraft:drop":84,"minecraft:play_time":131168,"minecraft:deaths":11,"minecraft:sneak_time":8570,"minecraft:walk_under_water_one_cm":5187,"minecraft:boat_one_cm":412605,"minecraft:jump":2690,"minecraft:walk_on_water_one_cm":19858,"minecraft:total_world_time":131168,"minecraft:interact_with_furnace":32,"minecraft:sleep_in_bed":6,"minecraft:time_since_rest":129,"minecraft:damage_taken":4353,"minecraft:damage_dealt":7372,"minecraft:fly_one_cm":479139,"minecraft:swim_one_cm":11557,"minecraft:open_chest":25,"minecraft:crouch_one_cm":29720,"minecraft:interact_with_smoker":10,"minecraft:fall_one_cm":100207},"minecraft:picked_up":{"minecraft:charcoal":2,"minecraft:crafting_table":8,"minecraft:allium":1,"minecraft:chicken":5,"gnumus:gnumus_claw":9,"gravestone:obituary":4,"minecraft:string":3,"biomesoplenty:fir_door":2,"minecraft:wooden_sword":1,"minecraft:iron_leggings":1,"biomesoplenty:fir_planks":41,"minecraft:beef":6,"born_in_chaos_v1:gnawed_bones":2,"minecraft:light_gray_wool":2,"alexsmobs:raccoon_tail":1,"minecraft:egg":1,"minecraft:furnace":4,"minecraft:dark_oak_sapling":6,"minecraft:stick":38,"minecraft:raw_iron":8,"gnumus:juicy_meat":2,"minecraft:torch":15,"minecraft:porkchop":13,"minecraft:cherry_log":17,"minecraft:carrot":1,"born_in_chaos_v1:nightmare_claw":1,"minecraft:dark_oak_planks":9,"minecraft:arrow":7,"minecraft:rotten_flesh":8,"gnumus:gnumus_chickpeas":6,"gnumus:mouse_skin":8,"minecraft:mutton":6,"minecraft:cod":4,"alexsmobs:flying_fish":1,"minecraft:white_wool":3,"minecraft:cobblestone":72,"minecraft:pink_petals":27,"gnumus:gnumus_doubloons":9,"minecraft:feather":3,"minecraft:cherry_planks":37,"born_in_chaos_v1:monster_flesh":4,"minecraft:black_bed":5,"minecraft:leather":4,"minecraft:birch_planks":1,"minecraft:red_mushroom":3,"minecraft:smoker":1,"gnumus:gnumus_pouch":1,"biomesoplenty:fir_sapling":71,"biomesoplenty:fir_log":184,"minecraft:oak_log":50,"minecraft:yellow_bed":4,"minecraft:gunpowder":4,"minecraft:dirt":82,"gnumus:gnumus_pouch_2":3,"born_in_chaos_v1:monster_skin":4,"minecraft:cooked_mutton":6,"minecraft:red_carpet":2,"minecraft:bone":5,"gnumus:gnumus_horn":2,"minecraft:wheat_seeds":3,"minecraft:raw_gold":1,"minecraft:bell":1,"minecraft:iron_ingot":1,"minecraft:rabbit":3,"biomesoplenty:toadstool":1,"minecraft:cooked_porkchop":3,"born_in_chaos_v1:ethereal_spirit":4,"minecraft:raw_iron_block":4,"minecraft:dripstone_block":6,"minecraft:gravel":1,"gnumus:gnumus_cheese":1,"minecraft:dark_oak_log":43,"alexsmobs:animal_dictionary":1,"minecraft:spruce_log":3,"minecraft:spider_eye":1,"biomesoplenty:flowering_oak_sapling":9,"gnumus:gnumus_clay":23,"minecraft:bone_meal":2,"minecraft:cherry_sapling":11,"minecraft:bread":3,"born_in_chaos_v1:rotten_fish":5,"minecraft:oak_sapling":20,"minecraft:coal":122},"minecraft:used":{"minecraft:cherry_boat":2,"minecraft:stone_sword":8,"born_in_chaos_v1:ethereal_spirit":7,"minecraft:chest":3,"minecraft:shield":12,"minecraft:iron_sword":134,"minecraft:torch":17,"minecraft:dirt":26,"minecraft:dark_oak_planks":27,"minecraft:wooden_axe":14,"born_in_chaos_v1:smoked_flesh":1,"minecraft:furnace":6,"minecraft:iron_leggings":1,"minecraft:cooked_mutton":6,"minecraft:oak_planks":5,"minecraft:baked_potato":3,"minecraft:stone_pickaxe":50,"biomesoplenty:fir_boat":3,"minecraft:wooden_pickaxe":3,"minecraft:cherry_planks":10,"biomesoplenty:fir_planks":62,"brewery:corn":2,"minecraft:crafting_table":11,"minecraft:black_bed":4,"born_in_chaos_v1:monster_flesh":1,"minecraft:iron_pickaxe":9,"born_in_chaos_v1:smoked_monster_flesh":2,"minecraft:stone_axe":114,"minecraft:wooden_sword":49,"biomesoplenty:fir_door":2,"minecraft:cobblestone":31,"born_in_chaos_v1:rotten_fish":1,"minecraft:cooked_porkchop":8,"minecraft:yellow_bed":4,"alexsmobs:animal_dictionary":3,"biomesoplenty:fir_log":25},"minecraft:mined":{"minecraft:dark_oak_planks":9,"minecraft:red_carpet":2,"minecraft:mossy_cobblestone":2,"minecraft:cherry_log":4,"minecraft:dark_oak_log":1,"minecraft:cherry_sapling":1,"gravestone:gravestone":8,"biomesoplenty:bush":4,"minecraft:allium":1,"minecraft:grass_block":8,"minecraft:spruce_leaves":4,"minecraft:furnace":4,"biomesoplenty:toadstool":1,"minecraft:iron_ore":9,"minecraft:fire":8,"treechop:chopped_log":10,"minecraft:bell":1,"minecraft:packed_ice":2,"gnumus:fragile_gnumus_jug":3,"minecraft:stone":23,"biomesoplenty:spider_egg":1,"minecraft:smoker":1,"minecraft:powder_snow":10,"minecraft:crafting_table":7,"minecraft:torch":8,"biomesoplenty:fir_planks":3,"minecraft:campfire":1,"minecraft:mushroom_stem":4,"minecraft:tall_grass":1,"minecraft:cobblestone":2,"biomesoplenty:sprout":1,"gnumus:gnumus_clay_brick":3,"minecraft:wall_torch":7,"minecraft:pink_petals":11,"minecraft:birch_planks":1,"minecraft:spruce_log":3,"minecraft:light_gray_wool":5,"biomesoplenty:fir_log":1,"minecraft:black_bed":4,"minecraft:yellow_bed":4,"minecraft:grass":6,"minecraft:oak_log":5,"minecraft:coal_ore":13,"minecraft:cherry_leaves":6,"minecraft:gravel":1,"minecraft:dirt":21,"biomesoplenty:stringy_cobweb":2,"minecraft:cobweb":1,"minecraft:red_mushroom_block":5,"minecraft:oak_leaves":2},"minecraft:killed":{"minecraft:cave_spider":2,"born_in_chaos_v1:restless_spirit":1,"alexsmobs:raccoon":1,"minecraft:vindicator":1,"alexsmobs:seagull":1,"born_in_chaos_v1:zombie_bruiser":1,"minecraft:skeleton":2,"minecraft:horse":1,"gnumus:gnumus_worker":1,"minecraft:chicken":2,"gnumus:pitcher_mousse":1,"gnumus:gnumus_hunter":2,"born_in_chaos_v1:corpse_fish":5,"alexsmobs:flying_fish":1,"gnumus:gnumus_hunter_not_dispawn":3,"minecraft:pig":6,"minecraft:creeper":1,"minecraft:sheep":3,"alexsmobs:catfish":1,"minecraft:zombie":3,"born_in_chaos_v1:dread_hound":2,"alexsmobs:terrapin":1,"born_in_chaos_v1:corpse_fly":3,"born_in_chaos_v1:nightmare_stalker":1}},"DataVersion":3465}