{"stats":{"minecraft:broken":{"minecraft:stone_pickaxe":1},"minecraft:picked_up":{"biomesoplenty:redwood_log":32,"minecraft:crafting_table":5,"minecraft:allium":4,"vinery:red_grape":3,"minecraft:chicken":2,"gravestone:obituary":1,"minecraft:string":1,"minecraft:beef":7,"biomesoplenty:redwood_wood":316,"minecraft:furnace":4,"minecraft:stick":49,"minecraft:raw_iron":26,"born_in_chaos_v1:shattered_skull":1,"minecraft:torch":10,"minecraft:acacia_log":2,"minecraft:porkchop":1,"minecraft:cherry_log":59,"minecraft:carrot":2,"born_in_chaos_v1:pieceofdarkmetal":3,"minecraft:arrow":4,"minecraft:rotten_flesh":23,"born_in_chaos_v1:wood_splitter_axe":5,"farmersdelight:onion":3,"minecraft:hay_block":1,"biomesoplenty:redwood_sapling":57,"minecraft:mutton":14,"minecraft:white_wool":9,"minecraft:cobblestone":137,"born_in_chaos_v1:corpse_maggot":13,"minecraft:pink_petals":18,"minecraft:feather":2,"minecraft:cooked_beef":1,"minecraft:leather":4,"biomesoplenty:fir_sapling":8,"biomesoplenty:fir_log":46,"minecraft:oak_log":1,"vinery:taiga_grapes_red":1,"minecraft:yellow_bed":2,"minecraft:gunpowder":2,"minecraft:dirt":19,"brewery:hops_seeds":5,"minecraft:bone":5,"minecraft:gray_carpet":3,"minecraft:wheat_seeds":49,"minecraft:iron_ingot":2,"minecraft:oak_planks":1,"vinery:taiga_grape_seeds_white":5,"born_in_chaos_v1:ethereal_spirit":4,"minecraft:spruce_log":2,"minecraft:spider_eye":1,"minecraft:slime_ball":2,"minecraft:stone_axe":1,"minecraft:cherry_sapling":44,"alexsmobs:banana_slug_slime":2,"alexsmobs:maggot":2,"minecraft:coal":88},"minecraft:custom":{"minecraft:mob_kills":64,"minecraft:interact_with_crafting_table":31,"minecraft:open_barrel":1,"minecraft:leave_game":4,"minecraft:time_since_death":35136,"minecraft:climb_one_cm":299,"minecraft:sprint_one_cm":202551,"minecraft:walk_one_cm":214272,"minecraft:drop":38,"minecraft:play_time":108926,"minecraft:deaths":6,"minecraft:sneak_time":2388,"minecraft:walk_under_water_one_cm":6565,"minecraft:jump":1941,"minecraft:walk_on_water_one_cm":4656,"minecraft:total_world_time":108926,"minecraft:interact_with_furnace":25,"minecraft:sleep_in_bed":3,"minecraft:time_since_rest":222,"minecraft:damage_taken":2420,"minecraft:damage_dealt":9153,"minecraft:swim_one_cm":25696,"minecraft:fly_one_cm":314969,"minecraft:open_chest":8,"minecraft:crouch_one_cm":7186,"minecraft:fall_one_cm":71623},"minecraft:crafted":{"minecraft:cherry_planks":32,"minecraft:oak_planks":4,"minecraft:cooked_chicken":2,"minecraft:furnace":3,"minecraft:bone_meal":10,"minecraft:stone_pickaxe":2,"minecraft:chest":2,"minecraft:stone_hoe":1,"minecraft:cooked_beef":7,"minecraft:crafting_table":4,"minecraft:wooden_pickaxe":2,"minecraft:iron_helmet":1,"minecraft:stone_axe":2,"minecraft:air":0,"biomesoplenty:fir_planks":16,"minecraft:iron_chestplate":1,"minecraft:charcoal":5,"minecraft:stick":12,"minecraft:iron_ingot":23,"minecraft:iron_pickaxe":1,"minecraft:iron_leggings":1,"minecraft:white_bed":1,"minecraft:torch":16},"minecraft:mined":{"minecraft:farmland":1,"farmersdelight:wild_carrots":2,"minecraft:glow_lichen":1,"gravestone:gravestone":4,"biomesoplenty:bush":17,"minecraft:grass_block":7,"biomesoplenty:flowering_oak_leaves":2,"minecraft:spawner":1,"minecraft:hay_block":1,"farmersdelight:wild_onions":2,"gnumus:scion_weed":1,"minecraft:furnace":4,"minecraft:fire":1,"minecraft:iron_ore":26,"treechop:chopped_log":11,"vinery:taiga_grape_bush_white":3,"biomesoplenty:barley":221,"minecraft:stone":71,"brewery:wild_hops":2,"minecraft:powder_snow":96,"minecraft:crafting_table":5,"minecraft:torch":7,"minecraft:tall_grass":7,"minecraft:cobblestone":2,"brewery:hops_crop":1,"minecraft:lapis_ore":1,"minecraft:oak_planks":1,"minecraft:wall_torch":2,"minecraft:pink_petals":5,"biomesoplenty:fir_log":9,"minecraft:yellow_bed":2,"minecraft:grass":126,"biomesoplenty:clover":1,"minecraft:coal_ore":78,"biomesoplenty:fir_leaves":1,"minecraft:dirt":11,"minecraft:gray_carpet":3,"minecraft:oak_leaves":2,"minecraft:fern":76},"minecraft:killed":{"born_in_chaos_v1:zombie_lumberjack":2,"born_in_chaos_v1:restless_spirit":3,"alexsmobs:raccoon":1,"minecraft:spider":2,"alexsmobs:snow_leopard":1,"born_in_chaos_v1:maggot":4,"minecraft:skeleton":6,"alexsmobs:banana_slug":2,"minecraft:chicken":2,"born_in_chaos_v1:fallen_chaos_knight":1,"minecraft:pig":1,"minecraft:zombie_villager":2,"born_in_chaos_v1:swarmer":1,"minecraft:creeper":2,"born_in_chaos_v1:decrepit_skeleton":4,"minecraft:sheep":10,"minecraft:zombie":2,"born_in_chaos_v1:corpse_fly":11,"alexsmobs:fly":1,"alexsmobs:crow":1,"minecraft:cow":4},"minecraft:dropped":{"born_in_chaos_v1:wood_splitter_axe":3,"minecraft:wheat_seeds":27,"minecraft:cooked_beef":4,"minecraft:apple":2,"minecraft:acacia_log":2,"minecraft:dirt":3,"minecraft:torch":1,"minecraft:mutton":1,"minecraft:cherry_planks":2,"gravestone:obituary":6,"minecraft:pink_petals":3,"minecraft:stone_axe":1,"born_in_chaos_v1:ethereal_spirit":1,"minecraft:cherry_sapling":20,"minecraft:rotten_flesh":12,"minecraft:spruce_log":2},"minecraft:killed_by":{"alexsmobs:snow_leopard":1,"minecraft:zombie":1,"born_in_chaos_v1:corpse_fish":1,"born_in_chaos_v1:scarlet_persecutor":1},"minecraft:used":{"minecraft:cherry_sapling":24,"born_in_chaos_v1:ethereal_spirit":12,"minecraft:chest":2,"minecraft:stone_hoe":63,"minecraft:cooked_chicken":2,"minecraft:rotten_flesh":1,"minecraft:torch":18,"minecraft:dirt":15,"minecraft:carrot":2,"born_in_chaos_v1:corpse_maggot":3,"alexsmobs:maggot":2,"minecraft:furnace":6,"minecraft:cooked_beef":4,"farmersdelight:tomato_seeds":3,"vinery:red_grape":3,"minecraft:wheat_seeds":16,"minecraft:stone_pickaxe":149,"minecraft:wooden_pickaxe":33,"brewery:corn_seeds":1,"farmersdelight:onion":3,"minecraft:crafting_table":7,"minecraft:white_bed":1,"minecraft:apple":8,"minecraft:bread":2,"minecraft:iron_pickaxe":19,"brewery:hops_seeds":5,"minecraft:stone_axe":112,"minecraft:pink_petals":9,"minecraft:cobblestone":22,"minecraft:porkchop":1,"born_in_chaos_v1:wood_splitter_axe":131,"vinery:taiga_grapes_red":1,"minecraft:yellow_bed":2,"biomesoplenty:fir_log":4,"minecraft:bone_meal":10}},"DataVersion":3465}