{"stats":{"minecraft:picked_up":{"minecraft:sweet_berries":42,"minecraft:beef":1,"minecraft:oak_log":5,"minecraft:sugar_cane":9,"minecraft:mutton":3,"minecraft:white_wool":2},"minecraft:custom":{"minecraft:time_since_rest":2713,"minecraft:play_time":3515,"minecraft:sprint_one_cm":15351,"minecraft:walk_one_cm":6937,"minecraft:damage_taken":264,"minecraft:deaths":1,"minecraft:mob_kills":2,"minecraft:jump":151,"minecraft:damage_dealt":448,"minecraft:leave_game":1,"minecraft:time_since_death":2245,"minecraft:walk_on_water_one_cm":611,"minecraft:total_world_time":3515,"minecraft:player_kills":1,"minecraft:fall_one_cm":4663,"minecraft:fly_one_cm":23556},"minecraft:killed_by":{"minecraft:player":1},"minecraft:used":{"minecraft:sweet_berries":2},"minecraft:killed":{"minecraft:sheep":1,"minecraft:cow":1},"minecraft:mined":{"minecraft:grass":2,"minecraft:sweet_berry_bush":18,"minecraft:sugar_cane":6,"minecraft:fern":1}},"DataVersion":3465}