{"stats":{"minecraft:custom":{"minecraft:interact_with_furnace":16,"minecraft:mob_kills":2,"minecraft:interact_with_crafting_table":14,"minecraft:leave_game":1,"minecraft:time_since_death":15354,"minecraft:time_since_rest":15380,"minecraft:sprint_one_cm":128192,"minecraft:damage_taken":3553,"minecraft:walk_one_cm":297723,"minecraft:drop":16,"minecraft:damage_dealt":1423,"minecraft:damage_dealt_absorbed":17,"minecraft:swim_one_cm":1596,"minecraft:fly_one_cm":142717,"minecraft:player_kills":2,"minecraft:open_chest":10,"minecraft:crouch_one_cm":498,"minecraft:play_time":86726,"minecraft:deaths":13,"minecraft:sneak_time":136,"minecraft:walk_under_water_one_cm":312,"minecraft:jump":1402,"minecraft:walk_on_water_one_cm":1970,"minecraft:total_world_time":86726,"minecraft:fall_one_cm":41276},"minecraft:used":{"minecraft:cobblestone_stairs":419,"minecraft:stone_shovel":30,"minecraft:stone_pickaxe":272,"minecraft:wooden_pickaxe":33,"vanillaplustools:stone_hammer":375,"minecraft:rotten_flesh":2,"minecraft:torch":46,"minecraft:dirt":22,"minecraft:crafting_table":4,"minecraft:granite":4,"vinery:taiga_grape_seeds_red":4,"born_in_chaos_v1:corpse_maggot":1,"minecraft:iron_boots":1,"minecraft:wooden_sword":21,"minecraft:cobblestone":139,"minecraft:andesite":5,"vinery:taiga_grapes_red":3,"minecraft:cobbled_deepslate":6,"minecraft:cherry_log":1},"minecraft:broken":{"minecraft:stone_pickaxe":2,"vanillaplustools:stone_hammer":3},"minecraft:killed_by":{"born_in_chaos_v1:nightmare_stalker":2,"minecraft:creeper":1,"minecraft:zombie":5,"born_in_chaos_v1:corpse_fly":1,"born_in_chaos_v1:missioner":2},"minecraft:mined":{"minecraft:tuff":57,"minecraft:cherry_log":1,"minecraft:cobblestone_stairs":9,"minecraft:cherry_sapling":1,"minecraft:powder_snow":5,"minecraft:torch":15,"gravestone:gravestone":13,"minecraft:granite":87,"vinery:taiga_grape_bush_red":2,"minecraft:copper_ore":5,"minecraft:tall_grass":1,"minecraft:cobblestone":13,"minecraft:diorite":185,"minecraft:wall_torch":14,"minecraft:pink_petals":15,"minecraft:iron_ore":19,"minecraft:cobbled_deepslate":6,"minecraft:andesite":89,"treechop:chopped_log":2,"minecraft:deepslate_lapis_ore":5,"minecraft:grass":5,"minecraft:coal_ore":45,"minecraft:deepslate_iron_ore":1,"minecraft:gravel":52,"minecraft:dirt":26,"minecraft:stone":1508,"minecraft:oak_leaves":1,"minecraft:deepslate":416,"minecraft:infested_stone":1},"minecraft:dropped":{"minecraft:wheat_seeds":1,"gravestone:obituary":13,"minecraft:string":5,"minecraft:bone":1},"minecraft:picked_up":{"minecraft:pink_petals":40,"born_in_chaos_v1:corpse_maggot":1,"minecraft:leather_chestplate":1,"minecraft:glow_ink_sac":2,"minecraft:water_bucket":1,"minecraft:andesite":31,"minecraft:wooden_pickaxe":1,"minecraft:flint":8,"minecraft:tuff":40,"gravestone:obituary":12,"artifacts:cloud_in_a_bottle":1,"vinery:taiga_grapes_red":3,"minecraft:cobblestone_stairs":12,"minecraft:lapis_lazuli":29,"minecraft:dirt":25,"minecraft:raw_copper":12,"minecraft:wooden_sword":1,"minecraft:bone":3,"minecraft:wheat_seeds":1,"minecraft:cobbled_deepslate":331,"minecraft:stick":15,"minecraft:raw_iron":20,"vinery:taiga_grape_seeds_red":4,"minecraft:torch":34,"minecraft:gravel":83,"minecraft:cherry_log":31,"minecraft:diorite":174,"minecraft:arrow":2,"minecraft:rotten_flesh":2,"minecraft:cooked_cod":3,"minecraft:granite":15,"vanillaplustools:stone_hammer":1,"minecraft:cherry_sapling":18,"minecraft:coal":45,"minecraft:cobblestone":1382},"minecraft:killed":{"alexsmobs:skunk":1,"born_in_chaos_v1:decrepit_skeleton":1},"minecraft:crafted":{"minecraft:cherry_planks":120,"minecraft:stone_shovel":1,"vanillaplustools:stone_hammer":3,"minecraft:crafting_table":4,"minecraft:wooden_pickaxe":1,"minecraft:cobblestone_stairs":424,"minecraft:air":0,"minecraft:iron_boots":1,"minecraft:stick":72,"minecraft:iron_ingot":4,"minecraft:stone_pickaxe":30,"minecraft:torch":40}},"DataVersion":3465}