{"stats":{"minecraft:custom":{"minecraft:time_since_rest":27514,"minecraft:sprint_one_cm":77763,"minecraft:damage_taken":2190,"minecraft:walk_one_cm":104921,"minecraft:drop":2,"minecraft:damage_dealt":362,"minecraft:damage_dealt_absorbed":17,"minecraft:interact_with_crafting_table":7,"minecraft:fly_one_cm":85919,"minecraft:open_chest":1,"minecraft:crouch_one_cm":124,"minecraft:play_time":38726,"minecraft:deaths":7,"minecraft:sneak_time":53,"minecraft:jump":718,"minecraft:leave_game":1,"minecraft:walk_on_water_one_cm":1067,"minecraft:time_since_death":27478,"minecraft:total_world_time":38726,"minecraft:fall_one_cm":22141},"minecraft:broken":{"vanillaplustools:stone_hammer":1,"minecraft:stone_pickaxe":1},"minecraft:used":{"born_in_chaos_v1:corpse_maggot":1,"minecraft:cobblestone_stairs":149,"minecraft:stone_shovel":30,"minecraft:stone_pickaxe":136,"minecraft:wooden_pickaxe":33,"vanillaplustools:stone_hammer":162,"minecraft:torch":6,"minecraft:dirt":22,"minecraft:cobblestone":103,"minecraft:crafting_table":2,"minecraft:cherry_log":1},"minecraft:killed_by":{"born_in_chaos_v1:nightmare_stalker":2,"born_in_chaos_v1:missioner":2,"minecraft:creeper":1,"minecraft:zombie":1},"minecraft:mined":{"minecraft:pink_petals":3,"minecraft:iron_ore":11,"minecraft:cobblestone_stairs":3,"minecraft:cherry_log":1,"minecraft:cherry_sapling":1,"minecraft:andesite":66,"minecraft:powder_snow":5,"treechop:chopped_log":2,"minecraft:torch":2,"gravestone:gravestone":5,"minecraft:granite":73,"minecraft:coal_ore":24,"minecraft:gravel":24,"minecraft:dirt":26,"minecraft:copper_ore":1,"minecraft:cobblestone":2,"minecraft:stone":1052,"minecraft:diorite":88,"minecraft:infested_stone":1,"minecraft:wall_torch":3},"minecraft:dropped":{"gravestone:obituary":1,"minecraft:bone":1},"minecraft:picked_up":{"born_in_chaos_v1:corpse_maggot":1,"minecraft:pink_petals":6,"minecraft:stick":15,"minecraft:raw_iron":10,"minecraft:torch":7,"minecraft:gravel":22,"minecraft:flint":4,"minecraft:cherry_log":31,"gravestone:obituary":1,"minecraft:diorite":83,"minecraft:cobblestone_stairs":3,"minecraft:dirt":25,"minecraft:bone":1,"minecraft:wheat_seeds":1,"vanillaplustools:stone_hammer":1,"minecraft:cherry_sapling":18,"minecraft:coal":24,"minecraft:cobblestone":916},"minecraft:crafted":{"minecraft:cherry_planks":84,"minecraft:stone_shovel":1,"vanillaplustools:stone_hammer":1,"minecraft:crafting_table":2,"minecraft:stick":32,"minecraft:wooden_pickaxe":1,"minecraft:stone_pickaxe":20,"minecraft:cobblestone_stairs":160}},"DataVersion":3465}