{"stats":{"minecraft:custom":{"minecraft:mob_kills":2,"minecraft:interact_with_crafting_table":11,"minecraft:leave_game":1,"minecraft:time_since_death":2480,"minecraft:time_since_rest":2518,"minecraft:sprint_one_cm":113878,"minecraft:damage_taken":2588,"minecraft:walk_one_cm":212651,"minecraft:drop":2,"minecraft:damage_dealt":829,"minecraft:damage_dealt_absorbed":17,"minecraft:fly_one_cm":134174,"minecraft:open_chest":9,"minecraft:crouch_one_cm":124,"minecraft:play_time":62726,"minecraft:deaths":9,"minecraft:sneak_time":54,"minecraft:jump":1217,"minecraft:walk_on_water_one_cm":1067,"minecraft:total_world_time":62726,"minecraft:fall_one_cm":36636},"minecraft:used":{"minecraft:cobblestone_stairs":299,"minecraft:stone_shovel":30,"minecraft:stone_pickaxe":221,"minecraft:wooden_pickaxe":33,"vanillaplustools:stone_hammer":236,"minecraft:rotten_flesh":2,"minecraft:torch":35,"minecraft:dirt":22,"minecraft:crafting_table":3,"minecraft:granite":4,"vinery:taiga_grape_seeds_red":4,"born_in_chaos_v1:corpse_maggot":1,"minecraft:cobblestone":126,"vinery:taiga_grapes_red":3,"minecraft:cherry_log":1},"minecraft:broken":{"minecraft:stone_pickaxe":1,"vanillaplustools:stone_hammer":2},"minecraft:killed_by":{"born_in_chaos_v1:nightmare_stalker":2,"minecraft:creeper":1,"minecraft:zombie":1,"born_in_chaos_v1:corpse_fly":1,"born_in_chaos_v1:missioner":2},"minecraft:mined":{"minecraft:cherry_log":1,"minecraft:cobblestone_stairs":9,"minecraft:cherry_sapling":1,"minecraft:powder_snow":5,"minecraft:torch":10,"gravestone:gravestone":8,"minecraft:granite":84,"vinery:taiga_grape_bush_red":2,"minecraft:copper_ore":1,"minecraft:tall_grass":1,"minecraft:cobblestone":3,"minecraft:diorite":124,"minecraft:wall_torch":14,"minecraft:pink_petals":15,"minecraft:iron_ore":11,"minecraft:andesite":86,"treechop:chopped_log":2,"minecraft:grass":5,"minecraft:coal_ore":45,"minecraft:gravel":46,"minecraft:dirt":26,"minecraft:stone":1433,"minecraft:oak_leaves":1,"minecraft:infested_stone":1},"minecraft:dropped":{"gravestone:obituary":1,"minecraft:bone":1},"minecraft:picked_up":{"minecraft:pink_petals":40,"born_in_chaos_v1:corpse_maggot":1,"minecraft:andesite":20,"minecraft:flint":7,"gravestone:obituary":2,"vinery:taiga_grapes_red":3,"minecraft:cobblestone_stairs":9,"minecraft:dirt":25,"minecraft:bone":3,"minecraft:wheat_seeds":1,"minecraft:stick":15,"minecraft:raw_iron":10,"vinery:taiga_grape_seeds_red":4,"minecraft:torch":28,"minecraft:gravel":67,"minecraft:cherry_log":31,"minecraft:diorite":111,"minecraft:rotten_flesh":2,"minecraft:granite":11,"vanillaplustools:stone_hammer":1,"minecraft:cherry_sapling":18,"minecraft:coal":45,"minecraft:cobblestone":1293},"minecraft:killed":{"alexsmobs:skunk":1,"born_in_chaos_v1:decrepit_skeleton":1},"minecraft:crafted":{"minecraft:cherry_planks":84,"minecraft:stone_shovel":1,"vanillaplustools:stone_hammer":2,"minecraft:crafting_table":3,"minecraft:wooden_pickaxe":1,"minecraft:cobblestone_stairs":320,"minecraft:stick":40,"minecraft:stone_pickaxe":20,"minecraft:torch":8}},"DataVersion":3465}