{"stats":{"minecraft:custom":{"minecraft:jump":74,"minecraft:time_since_rest":3375,"minecraft:crouch_one_cm":124,"minecraft:damage_dealt":289,"minecraft:damage_taken":220,"minecraft:sprint_one_cm":9516,"minecraft:play_time":3375,"minecraft:time_since_death":3375,"minecraft:walk_one_cm":12451,"minecraft:sneak_time":33,"minecraft:total_world_time":3375,"minecraft:fall_one_cm":1873,"minecraft:fly_one_cm":8650,"minecraft:walk_on_water_one_cm":263},"minecraft:mined":{"minecraft:pink_petals":1,"minecraft:cherry_sapling":1,"treechop:chopped_log":1,"minecraft:cherry_log":1},"minecraft:picked_up":{"minecraft:stick":2,"minecraft:cherry_sapling":8,"minecraft:cherry_log":10,"minecraft:wheat_seeds":1,"minecraft:pink_petals":4}},"DataVersion":3465}