{"stats":{"minecraft:custom":{"minecraft:time_since_rest":8026,"minecraft:sprint_one_cm":97682,"minecraft:damage_taken":2358,"minecraft:walk_one_cm":158219,"minecraft:mob_kills":1,"minecraft:drop":2,"minecraft:damage_dealt":453,"minecraft:damage_dealt_absorbed":17,"minecraft:interact_with_crafting_table":7,"minecraft:fly_one_cm":117569,"minecraft:open_chest":3,"minecraft:crouch_one_cm":124,"minecraft:play_time":50726,"minecraft:deaths":8,"minecraft:sneak_time":54,"minecraft:jump":1060,"minecraft:leave_game":1,"minecraft:walk_on_water_one_cm":1067,"minecraft:time_since_death":8000,"minecraft:total_world_time":50726,"minecraft:fall_one_cm":32676},"minecraft:broken":{"vanillaplustools:stone_hammer":2,"minecraft:stone_pickaxe":1},"minecraft:used":{"born_in_chaos_v1:corpse_maggot":1,"minecraft:cobblestone_stairs":149,"minecraft:stone_shovel":30,"minecraft:stone_pickaxe":170,"minecraft:wooden_pickaxe":33,"vanillaplustools:stone_hammer":224,"minecraft:torch":18,"minecraft:dirt":22,"minecraft:cobblestone":103,"minecraft:crafting_table":2,"vinery:taiga_grapes_red":3,"minecraft:cherry_log":1,"vinery:taiga_grape_seeds_red":4},"minecraft:killed_by":{"born_in_chaos_v1:nightmare_stalker":2,"born_in_chaos_v1:missioner":2,"minecraft:creeper":1,"minecraft:zombie":1},"minecraft:mined":{"minecraft:pink_petals":15,"minecraft:iron_ore":11,"minecraft:cobblestone_stairs":3,"minecraft:cherry_log":1,"minecraft:cherry_sapling":1,"minecraft:andesite":66,"minecraft:powder_snow":5,"treechop:chopped_log":2,"minecraft:torch":5,"minecraft:grass":5,"gravestone:gravestone":8,"minecraft:granite":73,"vinery:taiga_grape_bush_red":2,"minecraft:coal_ore":25,"minecraft:gravel":34,"minecraft:dirt":26,"minecraft:tall_grass":1,"minecraft:copper_ore":1,"minecraft:cobblestone":2,"minecraft:stone":1384,"minecraft:oak_leaves":1,"minecraft:diorite":124,"minecraft:infested_stone":1,"minecraft:wall_torch":5},"minecraft:dropped":{"gravestone:obituary":1,"minecraft:bone":1},"minecraft:picked_up":{"born_in_chaos_v1:corpse_maggot":1,"minecraft:pink_petals":40,"minecraft:stick":15,"minecraft:raw_iron":10,"vinery:taiga_grape_seeds_red":4,"minecraft:torch":12,"minecraft:gravel":45,"minecraft:flint":5,"minecraft:cherry_log":31,"gravestone:obituary":1,"minecraft:diorite":111,"vinery:taiga_grapes_red":3,"minecraft:cobblestone_stairs":3,"minecraft:dirt":25,"minecraft:bone":1,"minecraft:wheat_seeds":1,"vanillaplustools:stone_hammer":1,"minecraft:cherry_sapling":18,"minecraft:coal":25,"minecraft:cobblestone":1222},"minecraft:killed":{"alexsmobs:skunk":1},"minecraft:crafted":{"minecraft:cherry_planks":84,"minecraft:stone_shovel":1,"vanillaplustools:stone_hammer":1,"minecraft:crafting_table":2,"minecraft:stick":32,"minecraft:wooden_pickaxe":1,"minecraft:stone_pickaxe":20,"minecraft:cobblestone_stairs":160,"minecraft:torch":8}},"DataVersion":3465}