{"stats":{"minecraft:killed_by":{"born_in_chaos_v1:dread_hound":1,"minecraft:skeleton":1},"minecraft:crafted":{"minecraft:cherry_planks":20,"minecraft:shield":1,"minecraft:crafting_table":1,"minecraft:stick":12,"minecraft:iron_pickaxe":1,"minecraft:iron_ingot":9,"minecraft:wooden_pickaxe":1,"minecraft:stone_pickaxe":1,"minecraft:iron_sword":1,"minecraft:furnace":1,"minecraft:bucket":1,"minecraft:torch":36,"minecraft:stone_axe":1,"minecraft:air":0},"minecraft:dropped":{"minecraft:wheat_seeds":1,"gravestone:obituary":2,"minecraft:wooden_pickaxe":1},"minecraft:picked_up":{"minecraft:raw_iron":17,"minecraft:stick":13,"minecraft:crafting_table":1,"minecraft:torch":1,"minecraft:acacia_log":1,"minecraft:cherry_log":47,"gravestone:obituary":1,"minecraft:gunpowder":2,"minecraft:dirt":1,"minecraft:rotten_flesh":4,"minecraft:wheat_seeds":1,"minecraft:iron_ingot":1,"minecraft:cherry_sapling":30,"minecraft:coal":20,"minecraft:cobblestone":30},"minecraft:custom":{"minecraft:time_since_rest":340,"minecraft:interact_with_furnace":5,"minecraft:sprint_one_cm":36943,"minecraft:damage_taken":555,"minecraft:walk_one_cm":59184,"minecraft:mob_kills":3,"minecraft:drop":4,"minecraft:damage_dealt":969,"minecraft:interact_with_crafting_table":31,"minecraft:fly_one_cm":31240,"minecraft:open_chest":4,"minecraft:crouch_one_cm":5265,"minecraft:play_time":17130,"minecraft:deaths":2,"minecraft:sneak_time":1709,"minecraft:jump":282,"minecraft:leave_game":2,"minecraft:walk_on_water_one_cm":1325,"minecraft:time_since_death":0,"minecraft:total_world_time":17130,"minecraft:fall_one_cm":4438},"minecraft:mined":{"minecraft:iron_ore":17,"treechop:chopped_log":4,"minecraft:crafting_table":1,"gravestone:gravestone":1,"minecraft:grass":3,"minecraft:coal_ore":20,"minecraft:dirt":1,"minecraft:stone":30,"minecraft:wall_torch":1},"minecraft:used":{"minecraft:cherry_sapling":30,"minecraft:stone_pickaxe":67,"minecraft:wooden_pickaxe":3,"minecraft:iron_sword":11,"minecraft:stone_axe":34,"minecraft:torch":21,"minecraft:dirt":1,"minecraft:crafting_table":2,"minecraft:furnace":1},"minecraft:killed":{"minecraft:zombie":1,"born_in_chaos_v1:zombie_lumberjack":1,"minecraft:creeper":1}},"DataVersion":3465}